type,name,module,path,hash
"yaml","manifest","_config","_config/manifest.yaml","650b76585cb84a34c7d8500efc39c04c8021d4d7f9e66eb790e0139c52ca5f91"
"csv","module-help","baut","baut/module-help.csv","dc252e3fc010927699f8a62a466b4f842362ee47995b370c8190d110f949f370"
"file","LICENSE","baut","baut/bmad-story-automator/LICENSE","9996844edcb5b44b00645c0753bdb25ca7af86a035a1484df8cb6789ac2893f9"
"file","story-automator","baut","baut/bmad-story-automator/scripts/story-automator","270ba143dce6f3bd65d638c0df333ce4fd8fe47c57da83c70f65b7e713d440ae"
"json","agent-config-presets","baut","baut/bmad-story-automator/data/agent-config-presets.json","80032d59ad310076c25b1dfb5296571df898b744b8cf510f297b25207fa50d79"
"json","auto","baut","baut/bmad-story-automator/data/parse/auto.json","4e3e3d87398efe672df12481fbc1d9e0af5c55d230dd2776980a714b6272db18"
"json","complexity-rules","baut","baut/bmad-story-automator/data/complexity-rules.json","ca75e6a330281b655145eb73499f12c3b1b6b2c2eb0e2f8a503c83cfaca4154b"
"json","contract","baut","baut/bmad-story-automator-review/contract.json","1529aecec29e9b715d5fa8b2987a1cd86cc68e98169b83557d930cd301e31c38"
"json","create","baut","baut/bmad-story-automator/data/parse/create.json","bc7501be6e046fa6ece93136ba465abc4f9da97d2a0e0fd12dff3e57706c53af"
"json","dev","baut","baut/bmad-story-automator/data/parse/dev.json","569474b27f4ec5abd1b42bdf9aa96dcf7445ec1609161c15df7ebf91c8e4b9e9"
"json","orchestration-policy","baut","baut/bmad-story-automator/data/orchestration-policy.json","65454c201cde4261830ffeb57f8f44585f7f872ae97765e07b4058e421eeb494"
"json","retro","baut","baut/bmad-story-automator/data/parse/retro.json","f1e0d8d995122a24b257e32edbc94d80fb109a9a89495d92cf92d79bd6ca7f8b"
"json","review","baut","baut/bmad-story-automator/data/parse/review.json","17bebfecbabc1e5f4c752d2fb653dc5b2b9aa7a2dfbd9adbc0abc16a133cc480"
"md","adaptive-retry","baut","baut/bmad-story-automator/data/adaptive-retry.md","cef69bb4b690c9979b08668ac41e58fc3d37f5a5ed9b23c1b30997f696ee3122"
"md","agent-config-prompts","baut","baut/bmad-story-automator/data/agent-config-prompts.md","71cca49913029be3b48d473132b689a90c2742df7fd763398598c8ab73aa6f27"
"md","agent-fallback","baut","baut/bmad-story-automator/data/agent-fallback.md","97d35d5617be7090ffe52b4b9c5967bfcd9a4e5785439c1f729eed2567938d66"
"md","agent-fallback-troubleshooting","baut","baut/bmad-story-automator/data/agent-fallback-troubleshooting.md","68aa6e7cb0313dcc7f59237d1668f339815491210031f888aae2a2452826085a"
"md","auto","baut","baut/bmad-story-automator/data/prompts/auto.md","f3333f9add4af419544e3377931e199d267e28fc4d1c0c628e2bda91b949f713"
"md","checklist","baut","baut/bmad-story-automator-review/checklist.md","e30d2890ba5c50777bbe04071f754e975a1d7ec168501f321a79169c4201dd28"
"md","code-review-loop","baut","baut/bmad-story-automator/data/code-review-loop.md","f403aba557dae59db593ab625185a9b8cdc71d7a56a4cd430edf9f5b2c8a8c24"
"md","complexity-scoring","baut","baut/bmad-story-automator/data/complexity-scoring.md","28f68cd0e423a305b8f34a5dc16a4e6a3063f9f9b9eb6e58bfa48f1106c764d4"
"md","crash-recovery","baut","baut/bmad-story-automator/data/crash-recovery.md","33f4e177a19264c7d069b8d3c4679cf63969907333fd2d1a407a13017acda072"
"md","create","baut","baut/bmad-story-automator/data/prompts/create.md","33848f85c8e265ba8dd5213b228240aa68cc8f6c0afb085a9a9316e72c95db0b"
"md","data-file-index","baut","baut/bmad-story-automator/data/data-file-index.md","aa8245977610e67513cd7a24d6ac4d7ecd3802b58143724083abbdffac7d6eca"
"md","dev","baut","baut/bmad-story-automator/data/prompts/dev.md","bde296fcb94c7249256dc0a8778455fe47af24ea8642a361cdbcdb4a87c6ac67"
"md","escalation-messages","baut","baut/bmad-story-automator/data/escalation-messages.md","7087781dc2fe3e97f0bd5fe6cd892044adde78b960307af1f0e0c2a69745af83"
"md","escalation-messages-core","baut","baut/bmad-story-automator/data/escalation-messages-core.md","e987a9b0aa1db856750a2966593573a44e9356ac682b04273b22fa9d9375c810"
"md","escalation-messages-extended","baut","baut/bmad-story-automator/data/escalation-messages-extended.md","3182ffb0a67b2db2c1aafbd3af29dfe087ede4439bd4e6e3e5e9b0f0118a370f"
"md","escalation-triggers","baut","baut/bmad-story-automator/data/escalation-triggers.md","277037ecabfaa7a516840ff2c3617c8021ad8ddd5876e33a72ffb385af5e0fbe"
"md","execution-patterns","baut","baut/bmad-story-automator/data/execution-patterns.md","b86820a82320a0c9e570ad9a46d4756de6842f5fc6f658ec5e404d7a7bd85be8"
"md","marker-file-format","baut","baut/bmad-story-automator/data/marker-file-format.md","95ca0a522cee76c12a95414f725dba68e39cfaad74f95034211e99fb028f11f4"
"md","monitoring-codex","baut","baut/bmad-story-automator/data/monitoring-codex.md","9c548831e79373fda47db803ae4a054ded09db6ea9c44c26037d4a7da0d4a6d3"
"md","monitoring-fallback","baut","baut/bmad-story-automator/data/monitoring-fallback.md","2fb5549a2d29c9d7b14c09898375a6912a525abf18a7e2402be82ac91b8cf262"
"md","monitoring-pattern","baut","baut/bmad-story-automator/data/monitoring-pattern.md","903851c47b3a948730f43241155665604e166b97ec929724391f80ba28a89586"
"md","monitoring-pattern-parsing","baut","baut/bmad-story-automator/data/monitoring-pattern-parsing.md","80b68dc9eafb48b6f803a0129cdd73524808c2a1a48fce11b7d58ce18c20a271"
"md","orchestrator-rules","baut","baut/bmad-story-automator/data/orchestrator-rules.md","d46a6eb408a4265cb97e4a171ce9d79c9f7365dbd82e7684db86dfbaf61d9352"
"md","orchestrator-rules-appendix","baut","baut/bmad-story-automator/data/orchestrator-rules-appendix.md","8f9ec14af11563466ccb6e6b65c6df14208307d319a7ea42e11eab75dd0efbf8"
"md","preflight-prompts","baut","baut/bmad-story-automator/data/preflight-prompts.md","e0923ef0a1b9080976455f3a80432c6b425996994a56936e442a0fbf535d3274"
"md","preflight-requirements","baut","baut/bmad-story-automator/data/preflight-requirements.md","7a48f89bcad4f491f5415201b8f22f7a8f2eccd6e6854c3180238b623faf17b3"
"md","README","baut","baut/bmad-story-automator/README.md","ff77d612ac477f561f1d9f3a981ccf14be9a747431b73a96e5269d7116e2eaf4"
"md","report-retention-policy","baut","baut/bmad-story-automator/data/report-retention-policy.md","6e4a0c4eacec999ce6b757660a067ddeb4c370476fd6a21d6ed50f5df87a684c"
"md","retro","baut","baut/bmad-story-automator/data/prompts/retro.md","07688dd2c5403806d0a969f06242d27c71c584ea4c3b178b9135b7dbfdd53737"
"md","retrospective-automation","baut","baut/bmad-story-automator/data/retrospective-automation.md","6978817b27f2019114d00efabb717cda857a35829bb9ee6098e03503e17eca03"
"md","retrospective-doc-verification","baut","baut/bmad-story-automator/data/retrospective-doc-verification.md","1b367cc6701198e4cfa33551ba6fb745490fcd9dd3f23ad4ef731d946e2a64ad"
"md","retrospective-prompts","baut","baut/bmad-story-automator/data/retrospective-prompts.md","2c32a64f6cee3623deb7c4702a942f509110af440e5b09e7a269ff080e0355b2"
"md","retry-fallback-implementation","baut","baut/bmad-story-automator/data/retry-fallback-implementation.md","c8e8b779cdd7589278a9f192708ac3c9a65a0b7a4aee00a1bd4105aee258c314"
"md","retry-fallback-strategy","baut","baut/bmad-story-automator/data/retry-fallback-strategy.md","e236dd40f644fa5e5e64f8f7634179cb25d073a49f7efb3d532834f7caf1760e"
"md","review","baut","baut/bmad-story-automator/data/prompts/review.md","ff99c585963aa53047c419feb943cc5324533b0729aab928695c099e5a9544e9"
"md","scripts-reference","baut","baut/bmad-story-automator/data/scripts-reference.md","63fe4b66b98752c5e4afd8bddd14839aa08284c1f9de7b1ee1bcf7741216768e"
"md","SKILL","baut","baut/bmad-story-automator/SKILL.md","fc798f046d5e0f7a0796053999f05148be3fa4639d39f3ea571b041d28d33ef4"
"md","SKILL","baut","baut/bmad-story-automator-review/SKILL.md","74318c6c669609547b78ff6452daaea24eed4d90698e5aa3336558711104e63b"
"md","state-document","baut","baut/bmad-story-automator/templates/state-document.md","5cfa45123dce49e5b0045e83f14fc8d09feebc4581ad371c4b5df291f8a11774"
"md","step-01-init","baut","baut/bmad-story-automator/steps-c/step-01-init.md","b5c597223e28d0a52564d2eadf41e2bfbcff41dcbe49e17a0a0cc94d884a4330"
"md","step-01b-continue","baut","baut/bmad-story-automator/steps-c/step-01b-continue.md","b6483b847acb5a9acc37bd30c3dd50302d13ea383bc7dbbb2f4d1cafb67f391c"
"md","step-02-preflight","baut","baut/bmad-story-automator/steps-c/step-02-preflight.md","e108a3c17b60fd3fb2b5f2877cbee41c62f2d43ccb9602e3adff628cdb0a9ce1"
"md","step-02a-preflight-config","baut","baut/bmad-story-automator/steps-c/step-02a-preflight-config.md","03162c62eedb037565d771fe48878128e8b4f70cbc19bd5e8c723bc63a23f42c"
"md","step-02b-preflight-finalize","baut","baut/bmad-story-automator/steps-c/step-02b-preflight-finalize.md","2960bd02ef4a0bef0a2567a5e969099791b7e48d625e31c6ec4422eb373d751b"
"md","step-03-execute","baut","baut/bmad-story-automator/steps-c/step-03-execute.md","7f78ca0308f9e665aa6dbc2b1d0c5428d2f7cca90f1338c91d3b7af9b8649212"
"md","step-03a-execute-review","baut","baut/bmad-story-automator/steps-c/step-03a-execute-review.md","ed8c8aa8db2d88894a28b72990ed6cd5262bbf5b6547ac8e5114590dbbdd2dd8"
"md","step-03b-execute-finish","baut","baut/bmad-story-automator/steps-c/step-03b-execute-finish.md","4337456e8af13731bdc35626b0de9a30c2487d9b9301d1e77a0d39d7c5d29f88"
"md","step-03c-execute-complete","baut","baut/bmad-story-automator/steps-c/step-03c-execute-complete.md","68726f6cd04b25517d03f17186029027a14fbe73bb00fb350210c26bc5777d79"
"md","step-04-wrapup","baut","baut/bmad-story-automator/steps-c/step-04-wrapup.md","a961297db676da6a53db09439b44f0aec0086a7086aa84821c214d3a85204dd5"
"md","step-e-01-load","baut","baut/bmad-story-automator/steps-e/step-e-01-load.md","96bdcd02037894fcf2d6950af214c5cae9742d4cab65006ab7651520cf1b90b6"
"md","step-v-01-check","baut","baut/bmad-story-automator/steps-v/step-v-01-check.md","b2b297734c34e102c183ecb20e0f5d62b7e9357855bd95d4c89729750c963906"
"md","step-v-02-report","baut","baut/bmad-story-automator/steps-v/step-v-02-report.md","1c8c5c3e0130f146a606fa730d332d925f3df31f509a48ac7e0ecae3a63c6710"
"md","stop-hook-config","baut","baut/bmad-story-automator/data/stop-hook-config.md","7c39ad2c9c917774731ad8cbef09013730af6a38f94f08e23062341eb24af632"
"md","stop-hook-recovery","baut","baut/bmad-story-automator/data/stop-hook-recovery.md","63ab6da223268f8137f094b686118334f1112ef921796ca22949e5a296d4d177"
"md","stop-hook-troubleshooting","baut","baut/bmad-story-automator/data/stop-hook-troubleshooting.md","4c3f206f72a15a0113a6c2303894be1ab1b0af7d3670bf042ef97b2f91aead5e"
"md","subagent-prompts","baut","baut/bmad-story-automator/data/subagent-prompts.md","c9d143a7cbeb46a4a98e6d3e1aecb9382ce36d6819cf44d60c9505ee00c3ccaf"
"md","subagent-prompts-analysis","baut","baut/bmad-story-automator/data/subagent-prompts-analysis.md","55c8e2d73560ee889c24a20bd4407bce1e0c9ffb1e258de340a9ef113bfb8f6d"
"md","success-patterns","baut","baut/bmad-story-automator/data/success-patterns.md","c03f65d82ed4ceaaa066e377f122f89486275eb5489fcbc3fffc4c37f1882aa3"
"md","tmux-commands","baut","baut/bmad-story-automator/data/tmux-commands.md","4be11e84ffddc495943947abeaf78f7c77c7bbab4b2b4a53ca0d8aca955c9cce"
"md","tmux-long-command-debugging","baut","baut/bmad-story-automator/data/tmux-long-command-debugging.md","2b1f4a18ab0f6ac963455fb0a2451dbb92e171394ac7298011484c02729c0be7"
"md","tmux-long-command-testing","baut","baut/bmad-story-automator/data/tmux-long-command-testing.md","195edfb19b6a4014d5c2ddb1b6d332866b43681a021c6018c6549faa958e1529"
"md","workflow","baut","baut/bmad-story-automator/workflow.md","933deca5fc6d68f0c2783cc7bb66ddc3c5c37af1b91e5bf9aed70b246f432718"
"md","workflow-commands","baut","baut/bmad-story-automator/data/workflow-commands.md","295d377d202b263fc65942bac9346d997feeec14495ab3937e78cd1ddb61bcef"
"md","wrapup-templates","baut","baut/bmad-story-automator/data/wrapup-templates.md","bc888cee1578e0b637570495172ea6390911d308c48db1b7aab5e37241cf215c"
"py","__init__","baut","baut/bmad-story-automator/src/story_automator/__init__.py","b76e5bb4f1781141182636362c974355d7f21238ef4e6b1ac1045984dcaca02f"
"py","__init__","baut","baut/bmad-story-automator/src/story_automator/commands/__init__.py","05e72a03c15981c3190feb37ea2bd1bf06e2a01470c2e12f569b46540767d5bd"
"py","__main__","baut","baut/bmad-story-automator/src/story_automator/__main__.py","3d2438ae92f4746e9ffaa1f837b1fe803f6281091d1f31f8c95643716f257d9a"
"py","agent_config","baut","baut/bmad-story-automator/src/story_automator/core/agent_config.py","4f6ab6ecc24b17bfb588fe3ccdf58cfd1ec273a4f36960064f37c9cfaf3cb3d7"
"py","agent_config_cmd","baut","baut/bmad-story-automator/src/story_automator/commands/agent_config_cmd.py","ce7e0fd7825bb39e6bbd99a1c8042368578be04d251c3e146fa609a733767eb7"
"py","basic","baut","baut/bmad-story-automator/src/story_automator/commands/basic.py","79e43e829172d1b1661aa2735afd4e118b66a5ceb854ca652b3cea8d1d432f22"
"py","cli","baut","baut/bmad-story-automator/src/story_automator/cli.py","2e32a2ea1d5511c7159758090bcfa4746a80db2f25869eac875941f239a59b66"
"py","common","baut","baut/bmad-story-automator/src/story_automator/core/common.py","416b3893bc3b4f4643e0cf61c4f4c27ffbf7d24d3749a9b09d7eb8355b5e3f89"
"py","epic_parser","baut","baut/bmad-story-automator/src/story_automator/core/epic_parser.py","3f7626fdb2822eeee8ac91666566ca213ec40d5ca59047b407e9be9f7f84252c"
"py","frontmatter","baut","baut/bmad-story-automator/src/story_automator/core/frontmatter.py","1394f4bb6393fc1576fedcd8afd83e3cd3b87aa21e2e7d307ca11f40706b0d3c"
"py","orchestrator","baut","baut/bmad-story-automator/src/story_automator/commands/orchestrator.py","ba7a45d15a7e2ca7fd92f2bceb3139e34f9ad9d960277402e0c6e867bbfac336"
"py","orchestrator_epic_agents","baut","baut/bmad-story-automator/src/story_automator/commands/orchestrator_epic_agents.py","543217251f569edc369fe823b5f50b48d1686fcad7ee2b1c0297951e27d05f2c"
"py","orchestrator_parse","baut","baut/bmad-story-automator/src/story_automator/commands/orchestrator_parse.py","baab389b379e86c9630aa86cb12d77aa31f16f5cff3b31c39999ddffe2d92c49"
"py","review_verify","baut","baut/bmad-story-automator/src/story_automator/core/review_verify.py","d0c816851711d34017af236be50557ea0fb127842601c96748cc72679bd07eff"
"py","runtime_policy","baut","baut/bmad-story-automator/src/story_automator/core/runtime_policy.py","7f1ff7d8f490c19a0508a7a43082a6cbf1c6d772a6931db6ef76deb2b848a68a"
"py","sprint","baut","baut/bmad-story-automator/src/story_automator/core/sprint.py","7dc0fa466f3fd8856c62d5f4bc1087e0932816e1b4c00d4ff886c0bfd303af5d"
"py","state","baut","baut/bmad-story-automator/src/story_automator/commands/state.py","bb10e4c634920204b5baac6df1d695e7fb967165ffa4046a81592619cfd6b99e"
"py","story_keys","baut","baut/bmad-story-automator/src/story_automator/core/story_keys.py","eba6780ad2d1634b25afdaed8a3e06eebd709b19223edd9806c703b8d98d311a"
"py","success_verifiers","baut","baut/bmad-story-automator/src/story_automator/core/success_verifiers.py","f883b35bd2363abd04690eb288bf1c991e9bfdb6ee40528ce1c6c51b89371a8c"
"py","tmux","baut","baut/bmad-story-automator/src/story_automator/adapters/tmux.py","d9c468f1ca01fa85b1b7e0401906a7719f73340ea2a5f0cb3747f365c0057a9c"
"py","tmux","baut","baut/bmad-story-automator/src/story_automator/commands/tmux.py","a46cea5a0ae573e198e60690675445c84ee1edf4746c462234dc3174fe99841f"
"py","tmux_runtime","baut","baut/bmad-story-automator/src/story_automator/core/tmux_runtime.py","771d0455661b0f95436d74e7041970762a144c0084402f4fc31b95cc473b341b"
"py","utils","baut","baut/bmad-story-automator/src/story_automator/core/utils.py","721f6d0fea01bbd32c1b08fc671771ca731de363aa6e6702b4054aa2edbeef97"
"py","validate_story_creation","baut","baut/bmad-story-automator/src/story_automator/commands/validate_story_creation.py","a902b675048ad956038856160406ece46e6db6db0342537b412ce849f2f00505"
"py","workflow_paths","baut","baut/bmad-story-automator/src/story_automator/core/workflow_paths.py","d00ea440107328ea882afc4686ca8182e6fbd1dd8545832829fd131af2f91bbb"
"toml","pyproject","baut","baut/bmad-story-automator/pyproject.toml","2322937ada49a5dac811a05f0ef73855c1cc7a06284a683f5a6b3975db1bf20c"
"xml","instructions","baut","baut/bmad-story-automator-review/instructions.xml","4d2d50730e203532d0e12a1f1b6a6c7657e9faa9c061ce9fcfc3b13b1e41e5ee"
"yaml","config","baut","baut/config.yaml","1e479112cbf9ef1ad41aee003cbb8b0b5b6aa3032828c016fd20fe491c517029"
"yaml","workflow","baut","baut/bmad-story-automator-review/workflow.yaml","ec6973fa4399c82cb99760d146174311da0e2f9d08abd44792f0da17646e4f75"
"csv","module-help","bmb","bmb/bmad-bmb-setup/assets/module-help.csv","a32a9e9c6b7e16c9e0bd6a837aeafcf41afad79c3f7c2a8de2c946d0c871d886"
"csv","module-help","bmb","bmb/bmad-module-builder/assets/setup-skill-template/assets/module-help.csv","e5b0818d33b4d59e4813d3008c9f5c3179d2c8407dd9ee0e96436ca41fa69594"
"csv","module-help","bmb","bmb/module-help.csv","e09321338865d3857abe99219881342bd76478dbd968934c67a761b96f05b02c"
"file","Dockerfile","bmb","bmb/bmad-eval-runner/assets/Dockerfile","510c6c0b6aca8e78845ea836fa17e65d1a15babdf10f397a7dc62ed8b08a479d"
"md","agent-type-guidance","bmb","bmb/bmad-agent-builder/references/agent-type-guidance.md","48effe173e706b06d282e20506e491f7df94491c6b8e1fdb3e5b440d821c69dd"
"md","BOND-template","bmb","bmb/bmad-agent-builder/assets/BOND-template.md","6b6a6b6db52868f5d4b4de39e529a0c1a63a0e7776645ebeb21cda88ea510237"
"md","build-process","bmb","bmb/bmad-agent-builder/references/build-process.md","b90c551c7a5116201d717a001e5c27586678b85f11a55190814461ffe8344a41"
"md","build-process","bmb","bmb/bmad-workflow-builder/references/build-process.md","3982dc38729df44c5b2eaf02b7c203db95376bb7618591a6cdfa155a87830416"
"md","CAPABILITIES-template","bmb","bmb/bmad-agent-builder/assets/CAPABILITIES-template.md","ba2fd4b7383e31daff76ce4495c8e200d833850c86ee2b567e091cdb9124efc1"
"md","capability-authoring-template","bmb","bmb/bmad-agent-builder/assets/capability-authoring-template.md","d03139cdecffc83b39cea0cae1475a5a137d6232b4c05914fa887199ea7585d7"
"md","complex-workflow-patterns","bmb","bmb/bmad-workflow-builder/references/complex-workflow-patterns.md","091be238318a463fa95e4e5867a34e936f1dcfe3b8128355b46bcba8bc165564"
"md","create-module","bmb","bmb/bmad-module-builder/references/create-module.md","66949ddae75a4619262f9caaeaa429fb2d5f7c83ee325ff317d59b392a995949"
"md","CREED-template","bmb","bmb/bmad-agent-builder/assets/CREED-template.md","da933b50395ff440ea726ff7c38ed8dccd759c1ac33cf310b2952c23edcf2b17"
"md","edit-guidance","bmb","bmb/bmad-agent-builder/references/edit-guidance.md","76db92dc6e9cfc0ab99fff46075fb418311f5f278d924943ab90224d7fc7c71f"
"md","eval-formats","bmb","bmb/bmad-eval-runner/references/eval-formats.md","d00e8206ceca6f83ba0ac0638002adf9a54e3a7aa8033b70be7f07edae5e2016"
"md","first-breath-adaptation-guidance","bmb","bmb/bmad-agent-builder/references/first-breath-adaptation-guidance.md","69755aca7e5ad4dcf05c092d9d1b330857a7b8cb93f3feec1e5452520b5599a6"
"md","first-breath-config-template","bmb","bmb/bmad-agent-builder/assets/first-breath-config-template.md","e2e7260450bd96ef95708c29fa07817bc08886424ad984df3e19adb430c8c009"
"md","first-breath-template","bmb","bmb/bmad-agent-builder/assets/first-breath-template.md","cb187f140b2d8d590bfdb341518a9110b3f21605e002e36675b673eea1195949"
"md","grader","bmb","bmb/bmad-eval-runner/agents/grader.md","a686f5b31c227f50797412f8c5facf4e63bc44fef55c4d011586b3228fdd409a"
"md","ideate-module","bmb","bmb/bmad-module-builder/references/ideate-module.md","d173a9c9d19095835d92b3fb269a198fab34378ed14dbf72ee6f503a5ffd00b3"
"md","INDEX-template","bmb","bmb/bmad-agent-builder/assets/INDEX-template.md","8b73dc1a25711967c350050fc517c3d18c4c555ef5be06d07a20cde1a7287814"
"md","isolation","bmb","bmb/bmad-eval-runner/references/isolation.md","0f8756b2a616abd301f5e044eee7f62d2ef34d187c900aa83cb354e1256dd5d1"
"md","memory-guidance-template","bmb","bmb/bmad-agent-builder/assets/memory-guidance-template.md","1c01b65ed84440767ad9766ef36686f26c5d648333387a244f609f0da72f986e"
"md","MEMORY-template","bmb","bmb/bmad-agent-builder/assets/MEMORY-template.md","17527537efa3dbeff1fb5faa0e24f211490aa3e40b3dc75f9361c9ad8ff74b6d"
"md","mission-writing-guidance","bmb","bmb/bmad-agent-builder/references/mission-writing-guidance.md","5d355a2415e17975d8b1a9764e83615bb14a22dd1388efb838c7ed7511358896"
"md","module-plan-template","bmb","bmb/bmad-module-builder/assets/module-plan-template.md","1ab3311c310cc7127f9d227d7904f1e5f73f956593370c892e5cba0ae5df830e"
"md","module-setup","bmb","bmb/bmad-module-builder/assets/standalone-module-template/module-setup.md","be8bdd2d6b6497e0ff560eb7846a3013067351560a073068e25e2f4486189d4b"
"md","PERSONA-template","bmb","bmb/bmad-agent-builder/assets/PERSONA-template.md","0b0d7fb452894a8d95c4f6a0b5e36eefa8c8927fb9756817e43afa46fd8bf528"
"md","PULSE-template","bmb","bmb/bmad-agent-builder/assets/PULSE-template.md","57a34b519a7c3bc6bed055cbdb223fae16273a3e44866768c918ecbe983df744"
"md","quality-analysis","bmb","bmb/bmad-agent-builder/references/quality-analysis.md","fb29735274d3cce467466888cc58f0e2232a704580dd6f997f037ab820c44b2a"
"md","quality-analysis","bmb","bmb/bmad-workflow-builder/references/quality-analysis.md","9df50bf76bb2e41da0ff69ebb061eb1d0d6ff8ffc20f289755375508ccdd9350"
"md","quality-dimensions","bmb","bmb/bmad-agent-builder/references/quality-dimensions.md","baa27eb6c795d6a30030e7082495d7d1b56186f7b1b96041c554cb88278d609f"
"md","quality-scan-agent-cohesion","bmb","bmb/bmad-agent-builder/references/quality-scan-agent-cohesion.md","3ed382e1ca5188b369e44d3ca3f7e35c7d74eef8de26ef7bd29e316e4625bb13"
"md","quality-scan-architecture","bmb","bmb/bmad-workflow-builder/references/quality-scan-architecture.md","367f5d178cb2a116a2d578bd3c2d5288d5d0c74492181d5498a411a58a387368"
"md","quality-scan-customization","bmb","bmb/bmad-workflow-builder/references/quality-scan-customization.md","e0d19f57befec263a8662420687c0c55a4445a87bf83c478ed652603fd11bc95"
"md","quality-scan-customization-surface","bmb","bmb/bmad-agent-builder/references/quality-scan-customization-surface.md","a4ee4a6cbcc35001f0853c7c5ba980d2818c0e8412a47d4e56e518dd09fbed1d"
"md","quality-scan-determinism","bmb","bmb/bmad-workflow-builder/references/quality-scan-determinism.md","f983e355a3afa170d32ec161bed8b3bdc1b74d3ba11bc914409a37c4c7577609"
"md","quality-scan-enhancement","bmb","bmb/bmad-workflow-builder/references/quality-scan-enhancement.md","9f4395baa714ccb3067dd70e7b9293b34d9e7b62cf85112d5db57fdb1e8be6d4"
"md","quality-scan-enhancement-opportunities","bmb","bmb/bmad-agent-builder/references/quality-scan-enhancement-opportunities.md","333720e2bb6d80c9fb74118df9c5ffb64f6981423cff54bad6c4e94d47398a2c"
"md","quality-scan-execution-efficiency","bmb","bmb/bmad-agent-builder/references/quality-scan-execution-efficiency.md","50bbcb7a2e206110fafc36c8ee5527ed45cfe62afd9026aa5e14a18a9eef23e5"
"md","quality-scan-prompt-craft","bmb","bmb/bmad-agent-builder/references/quality-scan-prompt-craft.md","b9d5321122f5d8b0ea4ca80a8ed24348c6c112a6ddcaa369edcd40b659a30c0e"
"md","quality-scan-sanctum-architecture","bmb","bmb/bmad-agent-builder/references/quality-scan-sanctum-architecture.md","9b95b14afc8724406ddb1a34fef0d3cdf260ed04993de093abeffdb0085f298f"
"md","quality-scan-script-opportunities","bmb","bmb/bmad-agent-builder/references/quality-scan-script-opportunities.md","f1f754cc572d297e5eb5cc8eac9fa5b2f911ba6bf38305241338fc108e624945"
"md","quality-scan-structure","bmb","bmb/bmad-agent-builder/references/quality-scan-structure.md","814c5718f587e7560c7ff6cf462a39ea562bb2cab36ff8f998ca736b5e4aa6da"
"md","report-quality-scan-creator","bmb","bmb/bmad-agent-builder/references/report-quality-scan-creator.md","23d6d2af05269e42c738853e90e239a70e32c21551950a03625d3dc0b3a96051"
"md","report-quality-scan-creator","bmb","bmb/bmad-workflow-builder/references/report-quality-scan-creator.md","0e1f3ed1597f033aa0d538e85c2d7ad0753fdf6f9f219f8ef35e08a15f3090e7"
"md","sample-capability-authoring","bmb","bmb/bmad-agent-builder/references/sample-capability-authoring.md","c188394fe5c1fbe0998e4d03c1e4a13f251708eb6eea41efde4a02cac62d356e"
"md","sample-capability-prompt","bmb","bmb/bmad-agent-builder/references/sample-capability-prompt.md","89fa50211cc54b0ff375d216303464cd781ce5ddaeace21cf9f89a5549625ea5"
"md","sample-first-breath","bmb","bmb/bmad-agent-builder/references/sample-first-breath.md","ea55b9eaee5fb5d51d928761d988e05066b6faa448852fa4e512dc65f4febcb9"
"md","sample-memory-guidance","bmb","bmb/bmad-agent-builder/references/sample-memory-guidance.md","439aa16ed25f63ba42c7d7935cdb33226b8193862ed8e051015aa99fedb035ec"
"md","script-opportunities-reference","bmb","bmb/bmad-agent-builder/references/script-opportunities-reference.md","7fc382a1561498c8c9b5e5d83d16e94a1076985773a848f55f15f2fa27c55cce"
"md","script-opportunities-reference","bmb","bmb/bmad-workflow-builder/references/script-opportunities-reference.md","a78166926e903edb94a79b6aefbfe6e781dfcad9744fa8fd34b97a35f2b0e47c"
"md","script-standards","bmb","bmb/bmad-agent-builder/references/script-standards.md","802f9de7527f3ebe2da9cde2ca6b6ac9efb639a6cce6616c9469cd9da42c1c0d"
"md","script-standards","bmb","bmb/bmad-workflow-builder/references/script-standards.md","ae4bc66196d4cb5da0c65782731d89c38ae2128472ec10f7b7234d354b345db6"
"md","SKILL","bmb","bmb/bmad-agent-builder/SKILL.md","dfb73ea0b09e79347ebb22781a2d4e38cc24e5fe39019040777ed307d5bd669b"
"md","SKILL","bmb","bmb/bmad-bmb-setup/SKILL.md","d734a3b5a4c5c3f86e17788688629972f3550f58fe6d06c57652e90742066b58"
"md","SKILL","bmb","bmb/bmad-eval-runner/SKILL.md","cf33c763e7b58c1af5ad645cdc609040d897c171a0336def9d08e28b657c9267"
"md","SKILL","bmb","bmb/bmad-module-builder/SKILL.md","344ee5a895878611f0241ad36352d3331871dc204bc6c5efce527927266bf8bc"
"md","SKILL","bmb","bmb/bmad-module-builder/assets/setup-skill-template/SKILL.md","9df94238c21ea09c64f340ec69da0138616731cd5ba515439aa32327b05e7655"
"md","SKILL","bmb","bmb/bmad-workflow-builder/SKILL.md","0b2b18da0eab1373277905ebb2528c50dd25617613dffdb03573db4d469e80e2"
"md","skill-best-practices","bmb","bmb/bmad-agent-builder/references/skill-best-practices.md","048cdd5ac5eb1ba2c2a65dbfae8056769bbab61d37dcfb4c3f2045375a5db8c2"
"md","skill-quality-principles","bmb","bmb/bmad-workflow-builder/references/skill-quality-principles.md","4973c3121bc23d91292252349dcd7a833eee90dba8e2b7211fd5a80378943329"
"md","SKILL-template","bmb","bmb/bmad-agent-builder/assets/SKILL-template.md","7d0ed7ce63c0aec3869b17776d8416c9581dbc670ca999b4c9702507e8915454"
"md","SKILL-template","bmb","bmb/bmad-workflow-builder/assets/SKILL-template.md","0d8ad0d69b78e0720c275b82895005530567daf61e394402f1770cdfc10655ca"
"md","SKILL-template-bootloader","bmb","bmb/bmad-agent-builder/assets/SKILL-template-bootloader.md","4d1bf3ac343cbc5a354ab22a7702a3021ae144970505c08a5ffc9b297c6fe3c9"
"md","standard-fields","bmb","bmb/bmad-agent-builder/references/standard-fields.md","17092a6d5420d50e12c4d38c016c4e21244e6f76b8283e00a235f76335e1b9f9"
"md","standard-fields","bmb","bmb/bmad-workflow-builder/references/standard-fields.md","28c0f2cf771c7a49fbd447e3cc0e673d4ed3dbee6e49ce1af1eff3c0a87a643b"
"md","standing-order-guidance","bmb","bmb/bmad-agent-builder/references/standing-order-guidance.md","75c9cee7f7f9c9c5d8fe67ae18c74366afc70588f425cfa251c4c88e6d4fef2d"
"md","template-substitution-rules","bmb","bmb/bmad-agent-builder/references/template-substitution-rules.md","99aceeaaa659bdc5ef3b36a8552a879d7ad5181d80672660f4f579ebf361ba93"
"md","template-substitution-rules","bmb","bmb/bmad-workflow-builder/references/template-substitution-rules.md","45b29451ccfca934a8bf42a54447c0de625337dcd486c514441d34456588f4c6"
"md","validate-module","bmb","bmb/bmad-module-builder/references/validate-module.md","31ec64ac8e667bc94befc0ab019e506c1c2150403e6c90a92f329db43fdf6853"
"py","cleanup-legacy","bmb","bmb/bmad-bmb-setup/scripts/cleanup-legacy.py","827b32af838a8b0c4d85e4c44cfe89f6ddfffef3df4f27da7547c8dcbdc7f946"
"py","cleanup-legacy","bmb","bmb/bmad-module-builder/assets/setup-skill-template/scripts/cleanup-legacy.py","827b32af838a8b0c4d85e4c44cfe89f6ddfffef3df4f27da7547c8dcbdc7f946"
"py","docker_setup","bmb","bmb/bmad-eval-runner/scripts/docker_setup.py","5be61c0ebf9296a686ccdb875b20dd06f2edc99e96dcb590d3b7a5352b80f32e"
"py","extract-report-json","bmb","bmb/bmad-workflow-builder/scripts/extract-report-json.py","ae9c56b4481c2111d463f14a28e62047ba1a6998dcf4b21c6b021e524bd59771"
"py","generate_report","bmb","bmb/bmad-eval-runner/scripts/generate_report.py","d6d7553b34e8b6942eb8efae659232a63d612338eaf7e219a7b84e3652a927e1"
"py","generate-html-report","bmb","bmb/bmad-agent-builder/scripts/generate-html-report.py","db8ef884f4389107579829043133315725cded5a0f00552a439b79ccf1c852bb"
"py","generate-html-report","bmb","bmb/bmad-workflow-builder/scripts/generate-html-report.py","e2759c8dd7f6ac0d93b54decb09c2c45bcf0c19291101e8a46b866075c5a56e1"
"py","init-sanctum-template","bmb","bmb/bmad-agent-builder/assets/init-sanctum-template.py","da197cc3003f04d8b08a966c2c84879e3f612226af3171dd1e59077f597598aa"
"py","merge-config","bmb","bmb/bmad-bmb-setup/scripts/merge-config.py","56f9e79cbdf236083a4afb156944945cc47b0eea355a881f1ee433d9664a660d"
"py","merge-config","bmb","bmb/bmad-module-builder/assets/setup-skill-template/scripts/merge-config.py","56f9e79cbdf236083a4afb156944945cc47b0eea355a881f1ee433d9664a660d"
"py","merge-config","bmb","bmb/bmad-module-builder/assets/standalone-module-template/merge-config.py","56f9e79cbdf236083a4afb156944945cc47b0eea355a881f1ee433d9664a660d"
"py","merge-help-csv","bmb","bmb/bmad-bmb-setup/scripts/merge-help-csv.py","f30cd4c3a2c66153c54a6574caf0d1de82bbdad0ebe219f6cc16afb982873968"
"py","merge-help-csv","bmb","bmb/bmad-module-builder/assets/setup-skill-template/scripts/merge-help-csv.py","f30cd4c3a2c66153c54a6574caf0d1de82bbdad0ebe219f6cc16afb982873968"
"py","merge-help-csv","bmb","bmb/bmad-module-builder/assets/standalone-module-template/merge-help-csv.py","f30cd4c3a2c66153c54a6574caf0d1de82bbdad0ebe219f6cc16afb982873968"
"py","prepass-execution-deps","bmb","bmb/bmad-agent-builder/scripts/prepass-execution-deps.py","3c9c8998b3e3b00007027c73ff75bf4d568447a50f8ee9e291f4d9df614e4767"
"py","prepass-execution-deps","bmb","bmb/bmad-workflow-builder/scripts/prepass-execution-deps.py","8c53ae6deb0b54bd1edcb345a6e53398b938e285e5a8cec4191cac3846119f24"
"py","prepass-prompt-metrics","bmb","bmb/bmad-agent-builder/scripts/prepass-prompt-metrics.py","ce3808ccb4bff66f555aa2311b455004a58a1627e69bf99f0b35cf7b11595d19"
"py","prepass-prompt-metrics","bmb","bmb/bmad-workflow-builder/scripts/prepass-prompt-metrics.py","2e2d6bcbf9f2ba58af727d0873a4cfd5d1558713e87c864957910e8b07a6a66b"
"py","prepass-sanctum-architecture","bmb","bmb/bmad-agent-builder/scripts/prepass-sanctum-architecture.py","e26e96d50cf6efcfc400e5addb53b4765c676247ac834517597da910dc334300"
"py","prepass-structure-capabilities","bmb","bmb/bmad-agent-builder/scripts/prepass-structure-capabilities.py","a744cd75073c3976579fe5ad972e30df7631f9acffe7476dafd14151dc42481b"
"py","prepass-workflow-integrity","bmb","bmb/bmad-workflow-builder/scripts/prepass-workflow-integrity.py","1beb181f4cc1acb6a35e740c147f30cdd1d1581f0de0256fc2d4977f3dfc9ff0"
"py","process-template","bmb","bmb/bmad-agent-builder/scripts/process-template.py","2a78f5931e764cf75c9872e14600e53963d9debd86f7e862aa9d8d40ec315172"
"py","pty_runner","bmb","bmb/bmad-eval-runner/scripts/pty_runner.py","7c4b1ce268dc8575262fa4c637ceb72555ea9f9d67885f56e22a4f8cbac5432b"
"py","run_evals","bmb","bmb/bmad-eval-runner/scripts/run_evals.py","c7dcdf90be7e910afc86b0e318882bcdcf45b2b30cdf1acbbc8e5a694562c254"
"py","run_triggers","bmb","bmb/bmad-eval-runner/scripts/run_triggers.py","afa32bf5ff0cc72cc4f1bbac41eef936d1d720af06139240b65557419917dc96"
"py","sample-init-sanctum","bmb","bmb/bmad-agent-builder/references/sample-init-sanctum.py","478d1e6a640eb3dc36b24b08a91dd6dbcfb4a2780ba82f114d310e11133c4aa6"
"py","scaffold-setup-skill","bmb","bmb/bmad-module-builder/scripts/scaffold-setup-skill.py","b1df022164bb4c7e3e733a66e440637f255ddc8512ec43e4cb7206e3aae40532"
"py","scaffold-standalone-module","bmb","bmb/bmad-module-builder/scripts/scaffold-standalone-module.py","8efa8f264f300ef1242e01b1729290e2ded11f330a703af078b848850ae9edb3"
"py","scan-path-standards","bmb","bmb/bmad-agent-builder/scripts/scan-path-standards.py","a37fd299deda25e94e9a3b14d72504aa8c0ffdd3d22d83e4e5de1d6236c4cec2"
"py","scan-path-standards","bmb","bmb/bmad-workflow-builder/scripts/scan-path-standards.py","289f3b31b9260464f1b4de089ddb3a621b6d75b11c8e5ce24a660dafface9f60"
"py","scan-scripts","bmb","bmb/bmad-agent-builder/scripts/scan-scripts.py","73f3714d5d5f612b358ffec2cfb0282545d8b77bf562cd4b6072937059d97ca3"
"py","scan-scripts","bmb","bmb/bmad-workflow-builder/scripts/scan-scripts.py","1a6560996f7a45533dc688e7669b71405f5df031c4dfa7a14fc2fb8df2321a46"
"py","test-scaffold-setup-skill","bmb","bmb/bmad-module-builder/scripts/tests/test-scaffold-setup-skill.py","f10d300453cbd509ff01886494986e7ef74d6d29534e6d5a4823e4244e83a38a"
"py","test-scaffold-standalone-module","bmb","bmb/bmad-module-builder/scripts/tests/test-scaffold-standalone-module.py","f2d9a2b67a94cb24c4b88d75650ae9b5e69a157886c4a4b15e5d2c09dc685935"
"py","test-validate-module","bmb","bmb/bmad-module-builder/scripts/tests/test-validate-module.py","6c92389aa12c5cf0e8243999d0328704b926d0bfcdcc2124e12cb82a878d8617"
"py","utils","bmb","bmb/bmad-eval-runner/scripts/utils.py","d3cc105103e5fd10aca031f9c7fd95422f4566d7cce94b198837b50027179ab1"
"py","validate-module","bmb","bmb/bmad-module-builder/scripts/validate-module.py","e16e7d854ea9e4f0e9670f34f60360119ac6deae4587ebb12ed6a89ea90ec7c9"
"toml","customize-template","bmb","bmb/bmad-agent-builder/assets/customize-template.toml","1281eb3e57f0b3b48e5e1604c553cf91a77e1937616898e84446d26e1ad3e96d"
"toml","customize-template","bmb","bmb/bmad-workflow-builder/assets/customize-template.toml","93e235c211546a0a2885a237396e570617710dc43a65100a0e843dc6d1b6e4ae"
"toml","sample-customize-analyst","bmb","bmb/bmad-agent-builder/assets/sample-customize-analyst.toml","5a3f2e1cc7ed58011b4e2ce2ad4f086f8e1a2cea92221ae07e02011670d7a92c"
"toml","sample-customize-product-brief","bmb","bmb/bmad-workflow-builder/assets/sample-customize-product-brief.toml","5ebc868828797cf42fe4e23f389249295844a8bc0204d4b9b228f89ea963f410"
"yaml","config","bmb","bmb/config.yaml","f076c8f8618b990e2aab1648db0b4998bd0e0f50b5530b48181b6be77c1ad5c7"
"yaml","module","bmb","bmb/bmad-bmb-setup/assets/module.yaml","d9cb53ff118c5c45d393b5a0f3498cdfc20d7f47acf491970157d36a7e9f5462"
"yaml","module","bmb","bmb/bmad-module-builder/assets/setup-skill-template/assets/module.yaml","9ebacf189dcd2e353509bfa0fa70c90b84d5fe749022a3571e5321598e1ae9fa"
"csv","documentation-requirements","bmm","bmm/1-analysis/bmad-document-project/documentation-requirements.csv","d1253b99e88250f2130516b56027ed706e643bfec3d99316727a4c6ec65c6c1d"
"csv","domain-complexity","bmm","bmm/2-plan-workflows/bmad-create-prd/data/domain-complexity.csv","f775f09fb4dc1b9214ca22db4a3994ce53343d976d7f6e5384949835db6d2770"
"csv","domain-complexity","bmm","bmm/2-plan-workflows/bmad-validate-prd/data/domain-complexity.csv","f775f09fb4dc1b9214ca22db4a3994ce53343d976d7f6e5384949835db6d2770"
"csv","domain-complexity","bmm","bmm/3-solutioning/bmad-create-architecture/data/domain-complexity.csv","3dc34ed39f1fc79a51f7b8fc92087edb7cd85c4393a891d220f2e8dd5a101c70"
"csv","module-help","bmm","bmm/module-help.csv","2e9b3c8492a9e03b6aa81ee93ea63cb9fd94c28b9993d688ad45a2e23955408e"
"csv","project-types","bmm","bmm/2-plan-workflows/bmad-create-prd/data/project-types.csv","7a01d336e940fb7a59ff450064fd1194cdedda316370d939264a0a0adcc0aca3"
"csv","project-types","bmm","bmm/2-plan-workflows/bmad-validate-prd/data/project-types.csv","7a01d336e940fb7a59ff450064fd1194cdedda316370d939264a0a0adcc0aca3"
"csv","project-types","bmm","bmm/3-solutioning/bmad-create-architecture/data/project-types.csv","12343635a2f11343edb1d46906981d6f5e12b9cad2f612e13b09460b5e5106e7"
"json","bmad-manifest","bmm","bmm/1-analysis/bmad-prfaq/bmad-manifest.json","3da3d0a00b21c040f17bbc5d63283f23b432a92214634b211a5396ca864b2c7d"
"json","bmad-manifest","bmm","bmm/1-analysis/bmad-product-brief/bmad-manifest.json","22c9c569e116024e19ce8d57a1572a9be456dadc3df309a6e3922862a72775b6"
"json","project-scan-report-schema","bmm","bmm/1-analysis/bmad-document-project/templates/project-scan-report-schema.json","8466965321f1db22f5013869636199f67e0113706283c285a7ffbbf5efeea321"
"md","architecture-decision-template","bmm","bmm/3-solutioning/bmad-create-architecture/architecture-decision-template.md","5d9adf90c28df61031079280fd2e49998ec3b44fb3757c6a202cda353e172e9f"
"md","artifact-analyzer","bmm","bmm/1-analysis/bmad-prfaq/agents/artifact-analyzer.md","7bdc44830f8d593346ec0ee15e36e1e431432fcc6c38b70bb861999315c9cfa4"
"md","artifact-analyzer","bmm","bmm/1-analysis/bmad-product-brief/agents/artifact-analyzer.md","dcd8c4bb367fa48ff99c26565d164323b2ae057b09642ba7d1fda1683262be2d"
"md","brief-template","bmm","bmm/1-analysis/bmad-product-brief/resources/brief-template.md","d42f0ef6b154b5c314090be393febabd61de3d8de1ecf926124d40d418552b4b"
"md","checklist","bmm","bmm/1-analysis/bmad-document-project/checklist.md","581b0b034c25de17ac3678db2dbafedaeb113de37ddf15a4df6584cf2324a7d7"
"md","checklist","bmm","bmm/4-implementation/bmad-correct-course/checklist.md","3e082b95def90ccb876e3101ce0bbaf797a0f03a9471e1347361897f27977327"
"md","checklist","bmm","bmm/4-implementation/bmad-create-story/checklist.md","b94e28e774c3be0288f04ea163424bece4ddead5cd3f3680d1603ed07383323a"
"md","checklist","bmm","bmm/4-implementation/bmad-dev-story/checklist.md","630b68c6824a8785003a65553c1f335222b17be93b1bd80524c23b38bde1d8af"
"md","checklist","bmm","bmm/4-implementation/bmad-qa-generate-e2e-tests/checklist.md","b58f810aeb1040c2f6758c88aa133afce72f8cc178d3d97ff0fbaa3d943057dc"
"md","checklist","bmm","bmm/4-implementation/bmad-sprint-planning/checklist.md","80b10aedcf88ab1641b8e5f99c9a400c8fd9014f13ca65befc5c83992e367dd7"
"md","compile-epic-context","bmm","bmm/4-implementation/bmad-quick-dev/compile-epic-context.md","5cfda02f252941e415b80c57b4528f46226b3cbf456ad45d78fcb5a7ef4816e2"
"md","contextual-discovery","bmm","bmm/1-analysis/bmad-product-brief/prompts/contextual-discovery.md","b29d2c555cec9777d43b9aa7193881c468e619db14f366f53a3be5661d0e05b4"
"md","customer-faq","bmm","bmm/1-analysis/bmad-prfaq/references/customer-faq.md","96f8565197649c58908a1d61b6cd805fd01f57da7945ba889c18d087ad597aeb"
"md","deep-dive-instructions","bmm","bmm/1-analysis/bmad-document-project/workflows/deep-dive-instructions.md","a79e24b93a25ab456062916a9dad7b6a16dc43ac0b4b555700d3c3751cff0d25"
"md","deep-dive-template","bmm","bmm/1-analysis/bmad-document-project/templates/deep-dive-template.md","6198aa731d87d6a318b5b8d180fc29b9aa53ff0966e02391c17333818e94ffe9"
"md","deep-dive-workflow","bmm","bmm/1-analysis/bmad-document-project/workflows/deep-dive-workflow.md","a64d98dfa3b771df2853c4fa19a4e9c90d131e409e13b4c6f5e494d6ac715125"
"md","discover-inputs","bmm","bmm/4-implementation/bmad-create-story/discover-inputs.md","dfedba6a8ea05c9a91c6d202c4b29ee3ea793d8ef77575034787ae0fef280507"
"md","draft-and-review","bmm","bmm/1-analysis/bmad-product-brief/prompts/draft-and-review.md","e05a02ea67fcd0f4683b9c9bd42ac8673878d403e002037e3962062d11f69059"
"md","epics-template","bmm","bmm/3-solutioning/bmad-create-epics-and-stories/templates/epics-template.md","a804f740155156d89661fa04e7a4264a8f712c4dc227c44fd8ae804a9b0f6b72"
"md","explain-concept","bmm","bmm/1-analysis/bmad-agent-tech-writer/explain-concept.md","6ea82dbe4e41d4bb8880cbaa62d936e40cef18f8c038be73ae6e09c462abafc9"
"md","finalize","bmm","bmm/1-analysis/bmad-product-brief/prompts/finalize.md","973a3e2ae70f9c2413c5435591a4b8d1919e8a209c139d063483bc5028922ee3"
"md","full-scan-instructions","bmm","bmm/1-analysis/bmad-document-project/workflows/full-scan-instructions.md","2235945df2ae261265187447ce593238e132a026a9b88d3507a1f1d6808a0263"
"md","full-scan-workflow","bmm","bmm/1-analysis/bmad-document-project/workflows/full-scan-workflow.md","3bff88a392c16602bd44730f32483505e73e65e46e82768809c13a0a5f55608b"
"md","generate-trail","bmm","bmm/4-implementation/bmad-checkpoint-preview/generate-trail.md","4a5936d86fbe5a85285b4535097b1e2edda8849da35586f4b588a982d7224459"
"md","guided-elicitation","bmm","bmm/1-analysis/bmad-product-brief/prompts/guided-elicitation.md","db9c691986aeb9ccc2aae824eefabb1740e64920b5bb9a517e3b7d99bcaa3da5"
"md","index-template","bmm","bmm/1-analysis/bmad-document-project/templates/index-template.md","42c8a14f53088e4fda82f26a3fe41dc8a89d4bcb7a9659dd696136378b64ee90"
"md","instructions","bmm","bmm/1-analysis/bmad-document-project/instructions.md","9f4bc3a46559ffd44289b0d61a0f8f26f829783aa1c0e2a09dfa807fa93eb12f"
"md","internal-faq","bmm","bmm/1-analysis/bmad-prfaq/references/internal-faq.md","26eb83f844cda1ed8efb50f4703d61713ada8a64bd27eb387f759f858b5748de"
"md","mermaid-gen","bmm","bmm/1-analysis/bmad-agent-tech-writer/mermaid-gen.md","1d83fcc5fa842bc31ecd9fd7e45fbf013fabcadf0022d3391fff5b53b48e4b5d"
"md","opportunity-reviewer","bmm","bmm/1-analysis/bmad-product-brief/agents/opportunity-reviewer.md","3b6d770c45962397bfecce5d4b001b03fc0e577aa75f7932084b56efe41edc07"
"md","prd-purpose","bmm","bmm/2-plan-workflows/bmad-create-prd/data/prd-purpose.md","49c4641b91504bb14e3887029b70beacaff83a2de200ced4f8cb11c1356ecaee"
"md","prd-purpose","bmm","bmm/2-plan-workflows/bmad-edit-prd/data/prd-purpose.md","49c4641b91504bb14e3887029b70beacaff83a2de200ced4f8cb11c1356ecaee"
"md","prd-purpose","bmm","bmm/2-plan-workflows/bmad-validate-prd/data/prd-purpose.md","49c4641b91504bb14e3887029b70beacaff83a2de200ced4f8cb11c1356ecaee"
"md","prd-template","bmm","bmm/2-plan-workflows/bmad-create-prd/templates/prd-template.md","7ccccab9c06a626b7a228783b0b9b6e4172e9ec0b10d47bbfab56958c898f837"
"md","press-release","bmm","bmm/1-analysis/bmad-prfaq/references/press-release.md","c406adb0e2d2cc326cbc45d0174f89d014523448ad82bc272293999d22aec596"
"md","prfaq-template","bmm","bmm/1-analysis/bmad-prfaq/assets/prfaq-template.md","b27e6964f0437ab4e78c8c0ffbe5052c28e3b3ef2fc811726cbb394d5a5c7559"
"md","project-context-template","bmm","bmm/3-solutioning/bmad-generate-project-context/project-context-template.md","54e351394ceceb0ac4b5b8135bb6295cf2c37f739c7fd11bb895ca16d79824a5"
"md","project-overview-template","bmm","bmm/1-analysis/bmad-document-project/templates/project-overview-template.md","a7c7325b75a5a678dca391b9b69b1e3409cfbe6da95e70443ed3ace164e287b2"
"md","readiness-report-template","bmm","bmm/3-solutioning/bmad-check-implementation-readiness/templates/readiness-report-template.md","0da97ab1e38818e642f36dc0ef24d2dae69fc6e0be59924dc2dbf44329738ff6"
"md","research.template","bmm","bmm/1-analysis/research/bmad-domain-research/research.template.md","507bb6729476246b1ca2fca4693986d286a33af5529b6cd5cb1b0bb5ea9926ce"
"md","research.template","bmm","bmm/1-analysis/research/bmad-market-research/research.template.md","507bb6729476246b1ca2fca4693986d286a33af5529b6cd5cb1b0bb5ea9926ce"
"md","research.template","bmm","bmm/1-analysis/research/bmad-technical-research/research.template.md","507bb6729476246b1ca2fca4693986d286a33af5529b6cd5cb1b0bb5ea9926ce"
"md","skeptic-reviewer","bmm","bmm/1-analysis/bmad-product-brief/agents/skeptic-reviewer.md","fc1642dff30b49032db63f6518c5b34d3932c9efefaea2681186eb963b207b97"
"md","SKILL","bmm","bmm/1-analysis/bmad-agent-analyst/SKILL.md","dff8fbd39de875ccc6735204561f2b7b877788843ecd6e8b6001e7ca7f39641e"
"md","SKILL","bmm","bmm/1-analysis/bmad-agent-tech-writer/SKILL.md","d39ffa2a931361e9fea11ef5eb96da0fc6b8dbab70dc200142404a50b78e7665"
"md","SKILL","bmm","bmm/1-analysis/bmad-document-project/SKILL.md","efe25c8c27116faeeef119078953c38e827db787338fdb2dca65c086f42e0c4b"
"md","SKILL","bmm","bmm/1-analysis/bmad-prfaq/SKILL.md","9e864f574cc2e1411284edb625a17268aab1f894c46baac2edc3bcf1383adaca"
"md","SKILL","bmm","bmm/1-analysis/bmad-product-brief/SKILL.md","044459f71dd94177982629837d47c5e507599f351e0acbab0edf9d36e5f08d2e"
"md","SKILL","bmm","bmm/1-analysis/research/bmad-domain-research/SKILL.md","53d2ee5ccbd1d73290e752cff0235bfdb4928dc5ee70f347992ef15621341124"
"md","SKILL","bmm","bmm/1-analysis/research/bmad-market-research/SKILL.md","720183e577a5f6f307f320703a5ec522190723e957cfe6ad7821d8d833dea0c7"
"md","SKILL","bmm","bmm/1-analysis/research/bmad-technical-research/SKILL.md","1c4b61afaeedd3191db65923253be56084c64e4f832f0e2b9179671f91b5bf20"
"md","SKILL","bmm","bmm/2-plan-workflows/bmad-agent-pm/SKILL.md","3a8550daac2df2f01a7c04b66148c1e30b50f81730f043415f2a1aba6314f8a4"
"md","SKILL","bmm","bmm/2-plan-workflows/bmad-agent-ux-designer/SKILL.md","3ac99856f0ee9bae3ba05cefab32e90920b4a1fdf0e8c4bf9c440be31f9e5a1f"
"md","SKILL","bmm","bmm/2-plan-workflows/bmad-create-prd/SKILL.md","ada295172352839ec0c38c833387bf3d188052b054eeb44686b9ec075c4944f2"
"md","SKILL","bmm","bmm/2-plan-workflows/bmad-create-ux-design/SKILL.md","24a4123035194bd3517a059417dcd8114db90f99314ed1a51cfdbbaff02860b2"
"md","SKILL","bmm","bmm/2-plan-workflows/bmad-edit-prd/SKILL.md","b0ae6e77ca10f1869c5d3ff8f3ed4f8fe0b318982dde870cef944f18207e4197"
"md","SKILL","bmm","bmm/2-plan-workflows/bmad-validate-prd/SKILL.md","801127bfb5592608fb8e7d3e5d89f37e7c675ab4710520f87a5db4d8a8240d88"
"md","SKILL","bmm","bmm/3-solutioning/bmad-agent-architect/SKILL.md","1bb79ab9d9ae3180a6142d9d20c2a5cb15ad5d5f28e38a7f847295dd04d2299f"
"md","SKILL","bmm","bmm/3-solutioning/bmad-check-implementation-readiness/SKILL.md","c683db5628781e6dba6fad388ed65cf7561a208e773f72c786918743e379abef"
"md","SKILL","bmm","bmm/3-solutioning/bmad-create-architecture/SKILL.md","b12711f1655cb809bb74a3e11e40943dce225ccba9d01974d5bf521a5867ba23"
"md","SKILL","bmm","bmm/3-solutioning/bmad-create-epics-and-stories/SKILL.md","9db05e4a63ead6e416009fdec250bb9b749b361331964b601559ffeedd2f1c0f"
"md","SKILL","bmm","bmm/3-solutioning/bmad-generate-project-context/SKILL.md","3d8c20e13e62981464365509fc5e1dfd31e70a94e8c08b048a3e3866ea00ff43"
"md","SKILL","bmm","bmm/4-implementation/bmad-agent-dev/SKILL.md","ab47a75e3031bc58a9783e4f8dece8d44dfdacb7ba74cd56f766b260f9993218"
"md","SKILL","bmm","bmm/4-implementation/bmad-checkpoint-preview/SKILL.md","fcdd92af6b97ae64f99a89c37deef0074a974ffa577263e6c79c4b6734c63bda"
"md","SKILL","bmm","bmm/4-implementation/bmad-code-review/SKILL.md","6801f6742156f125185b1eb6e10c58dfde4ff6545b2e6278acf68cbcfbe0abe4"
"md","SKILL","bmm","bmm/4-implementation/bmad-correct-course/SKILL.md","25be5dd528b5c3996e5fa02fc30b72377f688436742c6962f4a1e9a2dac46e55"
"md","SKILL","bmm","bmm/4-implementation/bmad-create-story/SKILL.md","81517ba8ef137a15002d6d21ef18a1e88190c74ac9e0c5b29227e4059870809a"
"md","SKILL","bmm","bmm/4-implementation/bmad-dev-story/SKILL.md","5e7d3bca5051ff8f009bcf608e3fdac3260c2aa6faa8df170a954fe03a4a03f8"
"md","SKILL","bmm","bmm/4-implementation/bmad-qa-generate-e2e-tests/SKILL.md","ad6025f0279ef9fac2f6c76d8f612c37ccc23f8062b7ac0ac40708b49cc7db80"
"md","SKILL","bmm","bmm/4-implementation/bmad-quick-dev/SKILL.md","2b2e57e5327fc69962e6529a0c17498185b571646a9c7360e5c15be14ea7e63b"
"md","SKILL","bmm","bmm/4-implementation/bmad-retrospective/SKILL.md","997308d999545fa6c82b8652a2973e1d89d82cfbf892531e25e491291a95c33e"
"md","SKILL","bmm","bmm/4-implementation/bmad-sprint-planning/SKILL.md","21946cdaef8115deee6ce322c460e8af39368509d700c778cd7109f50a6821eb"
"md","SKILL","bmm","bmm/4-implementation/bmad-sprint-status/SKILL.md","2fe141bc2033ea341a73fb93349fcee0296d8d8714fcf984ab056bc0abae0a19"
"md","source-tree-template","bmm","bmm/1-analysis/bmad-document-project/templates/source-tree-template.md","109bc335ebb22f932b37c24cdc777a351264191825444a4d147c9b82a1e2ad7a"
"md","spec-template","bmm","bmm/4-implementation/bmad-quick-dev/spec-template.md","3ee15d5a63cf5eeee74149c590668fc61d0e44023eac12988a1ca2a9438a9d39"
"md","step-01-clarify-and-route","bmm","bmm/4-implementation/bmad-quick-dev/step-01-clarify-and-route.md","b5eb9f0cecf2a462885b8e7b4c21abbaec1e95c8abbd76bc410d9090fd8379f0"
"md","step-01-discover","bmm","bmm/3-solutioning/bmad-generate-project-context/steps/step-01-discover.md","8b2c8c7375f8a3c28411250675a28c0d0a9174e6c4e67b3d53619888439c4613"
"md","step-01-document-discovery","bmm","bmm/3-solutioning/bmad-check-implementation-readiness/steps/step-01-document-discovery.md","c763b512d55906122433cb65c1bcd5b5b283e45eacdc07281c8ec7596b6b3980"
"md","step-01-gather-context","bmm","bmm/4-implementation/bmad-code-review/steps/step-01-gather-context.md","d0ee7558605e9d48b5b6f15d9b535542eb6d922613f529bb520326eacade4171"
"md","step-01-init","bmm","bmm/1-analysis/research/bmad-domain-research/domain-steps/step-01-init.md","efee243f13ef54401ded88f501967b8bc767460cec5561b2107fc03fe7b7eab1"
"md","step-01-init","bmm","bmm/1-analysis/research/bmad-market-research/steps/step-01-init.md","64d5501aea0c0005db23a0a4d9ee84cf4e9239f553c994ecc6b1356917967ccc"
"md","step-01-init","bmm","bmm/1-analysis/research/bmad-technical-research/technical-steps/step-01-init.md","c9a1627ecd26227e944375eb691e7ee6bc9f5db29a428a5d53e5d6aef8bb9697"
"md","step-01-init","bmm","bmm/2-plan-workflows/bmad-create-prd/steps-c/step-01-init.md","922f59e960569f68bbf0d2c17ecdca74e9d9b92c6a802a5ea888e10774be7738"
"md","step-01-init","bmm","bmm/2-plan-workflows/bmad-create-ux-design/steps/step-01-init.md","0b257533a0ce34d792f621da35325ec11cb883653e3ad546221ee1f0dee5edcd"
"md","step-01-init","bmm","bmm/3-solutioning/bmad-create-architecture/steps/step-01-init.md","5119205b712ebda0cd241c3daad217bb0f6fa9e6cb41d6635aec6b7fe83b838a"
"md","step-01-orientation","bmm","bmm/4-implementation/bmad-checkpoint-preview/step-01-orientation.md","d9e3b949c36d49a025f3535773af2b51888fe4ce616b6d6d69683a122716b1d2"
"md","step-01-validate-prerequisites","bmm","bmm/3-solutioning/bmad-create-epics-and-stories/steps/step-01-validate-prerequisites.md","5c2aabc871363d84fc2e12fd83a3889e9d752b6bd330e31a0067c96204dd4880"
"md","step-01b-continue","bmm","bmm/2-plan-workflows/bmad-create-prd/steps-c/step-01b-continue.md","bdc3677aa220c4822b273d9bc8579669e003cc96d49475ddb3116bdef759cf04"
"md","step-01b-continue","bmm","bmm/2-plan-workflows/bmad-create-ux-design/steps/step-01b-continue.md","4d42c6b83eaa720975bf2206a7eea1a8c73ae922668cc2ef03d34c49ab066c19"
"md","step-01b-continue","bmm","bmm/3-solutioning/bmad-create-architecture/steps/step-01b-continue.md","4bf216008297dcea25f8be693109cf17879c621865b302c994cdd15aa5124e5f"
"md","step-02-context","bmm","bmm/3-solutioning/bmad-create-architecture/steps/step-02-context.md","4381c5128de7d5c02ac806a1263e3965754bd2598954f3188219fbd87567e5c9"
"md","step-02-customer-behavior","bmm","bmm/1-analysis/research/bmad-market-research/steps/step-02-customer-behavior.md","bac4de244049f90d1f2eb95e2cc9389cc84966d9538077fef1ec9c35e4533849"
"md","step-02-design-epics","bmm","bmm/3-solutioning/bmad-create-epics-and-stories/steps/step-02-design-epics.md","7c66987808c1f84e853fe54b7aff26d209196d450b5644704110f124a15179bc"
"md","step-02-discovery","bmm","bmm/2-plan-workflows/bmad-create-prd/steps-c/step-02-discovery.md","4ef0a3e62c05bfe90fbeca03d58ada11017098523a563003d574462d65f51e78"
"md","step-02-discovery","bmm","bmm/2-plan-workflows/bmad-create-ux-design/steps/step-02-discovery.md","9ffd5b31cc869b564e4d78cdc70767f0fb1b04db4c40201ccfa9dde75739fa8d"
"md","step-02-domain-analysis","bmm","bmm/1-analysis/research/bmad-domain-research/domain-steps/step-02-domain-analysis.md","385a288d9bbb0adf050bcce4da4dad198a9151822f9766900404636f2b0c7f9d"
"md","step-02-generate","bmm","bmm/3-solutioning/bmad-generate-project-context/steps/step-02-generate.md","b1f063edae66a74026b67a79a245cec7ee85438bafcacfc70dcf6006b495e060"
"md","step-02-plan","bmm","bmm/4-implementation/bmad-quick-dev/step-02-plan.md","72f4df415adceaaf554166983559e058c6a019d783d0f87cf42c401db3c5f52c"
"md","step-02-prd-analysis","bmm","bmm/3-solutioning/bmad-check-implementation-readiness/steps/step-02-prd-analysis.md","38be2bf4b924c0b5b395b57d68f685d790ade7b1a6c10993d3c550675f87d954"
"md","step-02-review","bmm","bmm/4-implementation/bmad-code-review/steps/step-02-review.md","1883758e0e91fba439497d04417f03d778f3f6fb12754f49aa8cfa5e15489f70"
"md","step-02-technical-overview","bmm","bmm/1-analysis/research/bmad-technical-research/technical-steps/step-02-technical-overview.md","9c7582241038b16280cddce86f2943216541275daf0a935dcab78f362904b305"
"md","step-02-walkthrough","bmm","bmm/4-implementation/bmad-checkpoint-preview/step-02-walkthrough.md","66cf893f8f968ee81034e9ccd8c20415692c3a8c23a9a143c2245fe6c800acdc"
"md","step-02b-vision","bmm","bmm/2-plan-workflows/bmad-create-prd/steps-c/step-02b-vision.md","641fcd72722c34850bf2daf38a4dfc544778999383aa9b33b4e7569de5860721"
"md","step-02c-executive-summary","bmm","bmm/2-plan-workflows/bmad-create-prd/steps-c/step-02c-executive-summary.md","7abf23a4ae7a7e1653cb86d90fdb1698cbe876628de3273b5638cfb05e34b615"
"md","step-03-competitive-landscape","bmm","bmm/1-analysis/research/bmad-domain-research/domain-steps/step-03-competitive-landscape.md","f10aa088ba00c59491507f6519fb314139f8be6807958bb5fd1b66bff2267749"
"md","step-03-complete","bmm","bmm/3-solutioning/bmad-generate-project-context/steps/step-03-complete.md","e61463db76a8fa060411aa24127aee936d646b97564e9e2a883494ea50e68464"
"md","step-03-core-experience","bmm","bmm/2-plan-workflows/bmad-create-ux-design/steps/step-03-core-experience.md","1f58c8a2f6872f468629ecb67e94f793af9d10d2804fe3e138eba03c090e00c5"
"md","step-03-create-stories","bmm","bmm/3-solutioning/bmad-create-epics-and-stories/steps/step-03-create-stories.md","c5b787a82e4e49ed9cd9c028321ee1689f32b8cd69d89eea609b37cd3d481afc"
"md","step-03-customer-pain-points","bmm","bmm/1-analysis/research/bmad-market-research/steps/step-03-customer-pain-points.md","5b2418ccaaa89291c593efed0311b3895faad1e9181800d382da823a8eb1312a"
"md","step-03-detail-pass","bmm","bmm/4-implementation/bmad-checkpoint-preview/step-03-detail-pass.md","d48163b9f305f15af57729a8443142e47beb6c3e977554afe12b39ee49cb9fc0"
"md","step-03-epic-coverage-validation","bmm","bmm/3-solutioning/bmad-check-implementation-readiness/steps/step-03-epic-coverage-validation.md","7b187f03a47cba0325fcfd10240410db9c59d93768342fc2dd3de2a01ec23356"
"md","step-03-implement","bmm","bmm/4-implementation/bmad-quick-dev/step-03-implement.md","4d848865eafe5eeba7d83529c766bd410a9cc20a05de1d6a764954c7275b4749"
"md","step-03-integration-patterns","bmm","bmm/1-analysis/research/bmad-technical-research/technical-steps/step-03-integration-patterns.md","005d517a2f962e2172e26b23d10d5e6684c7736c0d3982e27b2e72d905814ad9"
"md","step-03-starter","bmm","bmm/3-solutioning/bmad-create-architecture/steps/step-03-starter.md","b7727e0f37bc5325e15abad1c54bef716d617df423336090189efd1d307a0b3f"
"md","step-03-success","bmm","bmm/2-plan-workflows/bmad-create-prd/steps-c/step-03-success.md","3959db0848f9a4c99f80ac8d59855f9bb77f833475d3d5512e623d62b52b86dc"
"md","step-03-triage","bmm","bmm/4-implementation/bmad-code-review/steps/step-03-triage.md","91eaa27f6a167702ead00da9e93565c9bff79dce92c02eccbca61b1d1ed39a80"
"md","step-04-architectural-patterns","bmm","bmm/1-analysis/research/bmad-technical-research/technical-steps/step-04-architectural-patterns.md","4636f23e9c585a7a0c90437a660609d913f16362c3557fc2e71d408d6b9f46ce"
"md","step-04-customer-decisions","bmm","bmm/1-analysis/research/bmad-market-research/steps/step-04-customer-decisions.md","f0bc25f2179b7490e7a6704159a32fc9e83ab616022355ed53acfe8e2f7059d5"
"md","step-04-decisions","bmm","bmm/3-solutioning/bmad-create-architecture/steps/step-04-decisions.md","7fc0ebb63ab5ad0efc470f1063c15f14f52f5d855da2382fd17576cf060a8763"
"md","step-04-emotional-response","bmm","bmm/2-plan-workflows/bmad-create-ux-design/steps/step-04-emotional-response.md","75724811b170c8897e230a49e968e1db357fef3387008b0906b5ff79a43dbff9"
"md","step-04-final-validation","bmm","bmm/3-solutioning/bmad-create-epics-and-stories/steps/step-04-final-validation.md","6b83fcf177c24c6b43c2eb0df2efc1430cb0f357b3ab20ee8a5c5483c3fee079"
"md","step-04-journeys","bmm","bmm/2-plan-workflows/bmad-create-prd/steps-c/step-04-journeys.md","a9f2b74f06230916f66a1cf42437e4173061a157642c5eaf0d985d4078872526"
"md","step-04-present","bmm","bmm/4-implementation/bmad-code-review/steps/step-04-present.md","eee5687e9d7da9a0aeffd78180b8289fca804fc2d59896db5f65a8dd476e4869"
"md","step-04-regulatory-focus","bmm","bmm/1-analysis/research/bmad-domain-research/domain-steps/step-04-regulatory-focus.md","d22035529efe91993e698b4ebf297bf2e7593eb41d185a661c357a8afc08977b"
"md","step-04-review","bmm","bmm/4-implementation/bmad-quick-dev/step-04-review.md","e62a50a37ab20eb426f5abd44179dfac51548707b5e85e6fe7817c144cbe3dae"
"md","step-04-testing","bmm","bmm/4-implementation/bmad-checkpoint-preview/step-04-testing.md","28a56e868968ea2d18add0df8c4bccced0f94b698e218df3d45ddac072ce369c"
"md","step-04-ux-alignment","bmm","bmm/3-solutioning/bmad-check-implementation-readiness/steps/step-04-ux-alignment.md","f71e5f0d77615e885ae40fdee6b04c1dd6e472c871f87b515fe869cb5f6966fb"
"md","step-05-competitive-analysis","bmm","bmm/1-analysis/research/bmad-market-research/steps/step-05-competitive-analysis.md","17532051ad232cfc859f09ac3b44f9f4d542eb24cff8d07317126ccdff0d225a"
"md","step-05-domain","bmm","bmm/2-plan-workflows/bmad-create-prd/steps-c/step-05-domain.md","983617d33fe6b7e911f34cf6a2adb86be595952ab9a7c7308e7f6b3858b39a12"
"md","step-05-epic-quality-review","bmm","bmm/3-solutioning/bmad-check-implementation-readiness/steps/step-05-epic-quality-review.md","d8a84e57f4e3a321734b5b5d093458ceb1e338744f18954c5a204f5ce3576185"
"md","step-05-implementation-research","bmm","bmm/1-analysis/research/bmad-technical-research/technical-steps/step-05-implementation-research.md","e2b8a2c79bcebadc85f3823145980fa47d7e7be8d1c112f686c6223c8c138608"
"md","step-05-inspiration","bmm","bmm/2-plan-workflows/bmad-create-ux-design/steps/step-05-inspiration.md","b0cadcd4665c46d2e6e89bdb45ddfdd4e4aac47b901e59aa156b935878a2b124"
"md","step-05-patterns","bmm","bmm/3-solutioning/bmad-create-architecture/steps/step-05-patterns.md","3c80aba507aa46893ef43f07c5c321b985632ef57abc82d5ee93c3d9c2911134"
"md","step-05-present","bmm","bmm/4-implementation/bmad-quick-dev/step-05-present.md","ea49ce8703d4946ec54a59ff428d52ad64ab2649f49c43230bec1f3d09e85b55"
"md","step-05-technical-trends","bmm","bmm/1-analysis/research/bmad-domain-research/domain-steps/step-05-technical-trends.md","fd6c577010171679f630805eb76e09daf823c2b9770eb716986d01f351ce1fb4"
"md","step-05-wrapup","bmm","bmm/4-implementation/bmad-checkpoint-preview/step-05-wrapup.md","c2d4dbc17fed4f8ecbfcb09a2f9c77f0d4562bd27397270e2c27ba37cf4fe073"
"md","step-06-design-system","bmm","bmm/2-plan-workflows/bmad-create-ux-design/steps/step-06-design-system.md","1c71e452916c5b9ed000af4dd1b83954ae16887463c73776251e1e734e7d7641"
"md","step-06-final-assessment","bmm","bmm/3-solutioning/bmad-check-implementation-readiness/steps/step-06-final-assessment.md","1b9c8c2a21950f85e052e05309bfcb3bfe38157ba6fca402ccf37444e7f1cee3"
"md","step-06-innovation","bmm","bmm/2-plan-workflows/bmad-create-prd/steps-c/step-06-innovation.md","a0b3863e11f1dc91c73871967c26c3a2746a11c29a1cd23ee000df5b6b22f1b3"
"md","step-06-research-completion","bmm","bmm/1-analysis/research/bmad-market-research/steps/step-06-research-completion.md","4f5d3158a8462656d6959d29544ed5c92cb925641e2205e47af05c124fcd7666"
"md","step-06-research-synthesis","bmm","bmm/1-analysis/research/bmad-domain-research/domain-steps/step-06-research-synthesis.md","805f2cb7005a4fb0c4da52ea38d45de863f3e840e0f2de1456c414831cdbdf59"
"md","step-06-research-synthesis","bmm","bmm/1-analysis/research/bmad-technical-research/technical-steps/step-06-research-synthesis.md","64d9303ef0c9ce839dc3b2d72e94e3e5b4673e82dc7fc9f1571bd0b03b3a43a7"
"md","step-06-structure","bmm","bmm/3-solutioning/bmad-create-architecture/steps/step-06-structure.md","f8333ca290b62849c1e2eb2f770b46705b09fe0322217b699b13be047efdd03e"
"md","step-07-defining-experience","bmm","bmm/2-plan-workflows/bmad-create-ux-design/steps/step-07-defining-experience.md","17f78d679a187cfb703c2cd30eea84d9dd683f3708d24885421239338eea4edd"
"md","step-07-project-type","bmm","bmm/2-plan-workflows/bmad-create-prd/steps-c/step-07-project-type.md","ba60660354a1aa7dff8a03bfff79ace4589af13e3a2945ae78157a33abd12f17"
"md","step-07-validation","bmm","bmm/3-solutioning/bmad-create-architecture/steps/step-07-validation.md","dde4cd93a3015011da9a8a3237aafa2d15d0935205686231e58bf7064f81cc28"
"md","step-08-complete","bmm","bmm/3-solutioning/bmad-create-architecture/steps/step-08-complete.md","6466e5196be63e9e21b81d6fed45f1ff547d6ac739271201d6180febc857473d"
"md","step-08-scoping","bmm","bmm/2-plan-workflows/bmad-create-prd/steps-c/step-08-scoping.md","868accb05c998543ac01ae068c6316e408cbc4e450bf9cc10b16fe843956faa9"
"md","step-08-visual-foundation","bmm","bmm/2-plan-workflows/bmad-create-ux-design/steps/step-08-visual-foundation.md","985b4da65435114529056f33ff583ec4d1b29feb3550494ae741b6dbb89798a9"
"md","step-09-design-directions","bmm","bmm/2-plan-workflows/bmad-create-ux-design/steps/step-09-design-directions.md","07962c637e69a612a904efccf6188b7f08c9e484d4d7369c74cd0de7da0cb1e3"
"md","step-09-functional","bmm","bmm/2-plan-workflows/bmad-create-prd/steps-c/step-09-functional.md","4880a2f02fdc43964bd753c733c7800b9ccf6b1ccf194b2a8c3f09f1ad85843c"
"md","step-10-nonfunctional","bmm","bmm/2-plan-workflows/bmad-create-prd/steps-c/step-10-nonfunctional.md","afde3cd586227cec7863267518667605e9487025a9c0f3b7f220c66adbbc347c"
"md","step-10-user-journeys","bmm","bmm/2-plan-workflows/bmad-create-ux-design/steps/step-10-user-journeys.md","eabe15745e6b68df06833bca103c704d31094c8f070c84e35f1ee9b0c28d10bd"
"md","step-11-component-strategy","bmm","bmm/2-plan-workflows/bmad-create-ux-design/steps/step-11-component-strategy.md","52a1d0230160124496467ddbe26dd9cc4ae7d9afceaea987aad658e1bb195f59"
"md","step-11-polish","bmm","bmm/2-plan-workflows/bmad-create-prd/steps-c/step-11-polish.md","4271ae5026e30d807f1272b91161d57567badf0bd89e760ea067636d13f12223"
"md","step-12-complete","bmm","bmm/2-plan-workflows/bmad-create-prd/steps-c/step-12-complete.md","bb9471a4b14729785572480b1e0d9e57ab5a4580a04575aea1b1ea1e22971458"
"md","step-12-ux-patterns","bmm","bmm/2-plan-workflows/bmad-create-ux-design/steps/step-12-ux-patterns.md","37215fe8ea33247e9a31b5f8b8fe3b36448d7f743c18803e4d5054c201348be8"
"md","step-13-responsive-accessibility","bmm","bmm/2-plan-workflows/bmad-create-ux-design/steps/step-13-responsive-accessibility.md","cd4d4e2a307b4cbc805c6954860c93c14a11b74b1e206c45ff89f8b81ab03a62"
"md","step-14-complete","bmm","bmm/2-plan-workflows/bmad-create-ux-design/steps/step-14-complete.md","47880f82ada9f2edff8be144328f86fb683fd78aba64ec0ea9dfbff71732be00"
"md","step-e-01-discovery","bmm","bmm/2-plan-workflows/bmad-edit-prd/steps-e/step-e-01-discovery.md","5f733ce1dc3663fbbb1fe661471dc1fcb5a9c02621c1f5599bba5850dfe3b7a3"
"md","step-e-01b-legacy-conversion","bmm","bmm/2-plan-workflows/bmad-edit-prd/steps-e/step-e-01b-legacy-conversion.md","62bf07f0da57c4f87440b5db95928239527542b39be2ff806e85dfca8a0f7e40"
"md","step-e-02-review","bmm","bmm/2-plan-workflows/bmad-edit-prd/steps-e/step-e-02-review.md","e6a2025055840d5625fc2eec71209da1d63d6bf530c305d353b1d4500202d8bd"
"md","step-e-03-edit","bmm","bmm/2-plan-workflows/bmad-edit-prd/steps-e/step-e-03-edit.md","38d70a13738c87da364ca7dc5ef9270f84e3c24d5204cdad969e0269f1d55994"
"md","step-e-04-complete","bmm","bmm/2-plan-workflows/bmad-edit-prd/steps-e/step-e-04-complete.md","9689a795db6e55dd9b946f21b2c4e6a83004693938d9de833334ed76508ddb61"
"md","step-oneshot","bmm","bmm/4-implementation/bmad-quick-dev/step-oneshot.md","d68648848bb8277f5b762c3528c2aa42122268037b97d252a8f4faf4edb2830e"
"md","step-v-01-discovery","bmm","bmm/2-plan-workflows/bmad-validate-prd/steps-v/step-v-01-discovery.md","65c4686abf818f35eeeff7cf7d31646b9693f3b8aaaa04eac7c97e9be0572a57"
"md","step-v-02-format-detection","bmm","bmm/2-plan-workflows/bmad-validate-prd/steps-v/step-v-02-format-detection.md","c27ea549b1414a9a013c6e334daf278bc26e7101879fd5832eb57ed275daeb0d"
"md","step-v-02b-parity-check","bmm","bmm/2-plan-workflows/bmad-validate-prd/steps-v/step-v-02b-parity-check.md","5216fea52f9bbcb76a8ea9b9e80c98c51c529342e448dcf75c449ffa6fbaa45f"
"md","step-v-03-density-validation","bmm","bmm/2-plan-workflows/bmad-validate-prd/steps-v/step-v-03-density-validation.md","1eed2b7eea8745edefbee124e9c9aff1e75a1176b8ba3bad42cfcf9b7c2f2a1c"
"md","step-v-04-brief-coverage-validation","bmm","bmm/2-plan-workflows/bmad-validate-prd/steps-v/step-v-04-brief-coverage-validation.md","7b870fea072193271c9dc80966b0777cbc892a85912a273ba184f2d19fc68c47"
"md","step-v-05-measurability-validation","bmm","bmm/2-plan-workflows/bmad-validate-prd/steps-v/step-v-05-measurability-validation.md","06a8762b225e7d77f9c1b9f5be8783bcced29623f3a3bc8dbf7ea109b531c0ae"
"md","step-v-06-traceability-validation","bmm","bmm/2-plan-workflows/bmad-validate-prd/steps-v/step-v-06-traceability-validation.md","58b89788683540c3122f886ca7a6191866a3abb2851bd505faa3fc9ab46a73c4"
"md","step-v-07-implementation-leakage-validation","bmm","bmm/2-plan-workflows/bmad-validate-prd/steps-v/step-v-07-implementation-leakage-validation.md","aeab46b20c6aafc4b1d369c65ccf02a1fc5f7de60cbffddf7719e2899de6fe28"
"md","step-v-08-domain-compliance-validation","bmm","bmm/2-plan-workflows/bmad-validate-prd/steps-v/step-v-08-domain-compliance-validation.md","1be1de3adc40ded63e3662a75532fa1b13c28596b3b49204fbda310f6fa5f0da"
"md","step-v-09-project-type-validation","bmm","bmm/2-plan-workflows/bmad-validate-prd/steps-v/step-v-09-project-type-validation.md","fffbf78461186456a5ca72b2b9811cb391476c1d1af0301ff71b8f73198c88d1"
"md","step-v-10-smart-validation","bmm","bmm/2-plan-workflows/bmad-validate-prd/steps-v/step-v-10-smart-validation.md","81bf3fbe84054b51cb36b673a3877c65c9b790acd502a9a8a01f76899f5f4f4c"
"md","step-v-11-holistic-quality-validation","bmm","bmm/2-plan-workflows/bmad-validate-prd/steps-v/step-v-11-holistic-quality-validation.md","4be7756dce12a6c7c5de6a551716d9e3b1df1f5d9d87fc28efb95fe6960cd3ce"
"md","step-v-12-completeness-validation","bmm","bmm/2-plan-workflows/bmad-validate-prd/steps-v/step-v-12-completeness-validation.md","20371cf379d396292dd63ad721fe48258853048e10cd9ecb8998791194fe4236"
"md","step-v-13-report-complete","bmm","bmm/2-plan-workflows/bmad-validate-prd/steps-v/step-v-13-report-complete.md","67458c55a321c0d2857371a7588fbd387497570cd1b7c53f5a0cf558e1cdc325"
"md","sync-sprint-status","bmm","bmm/4-implementation/bmad-quick-dev/sync-sprint-status.md","c0f2fdb940984206a4b7aa2467fbcb7c4811f648634e43a488593974e9efff5e"
"md","template","bmm","bmm/4-implementation/bmad-create-story/template.md","29ba697368d77e88e88d0e7ac78caf7a78785a7dcfc291082aa96a62948afb67"
"md","ux-design-template","bmm","bmm/2-plan-workflows/bmad-create-ux-design/ux-design-template.md","ffa4b89376cd9db6faab682710b7ce755990b1197a8b3e16b17748656d1fca6a"
"md","validate-doc","bmm","bmm/1-analysis/bmad-agent-tech-writer/validate-doc.md","3b8d25f60be191716266726393f2d44b77262301b785a801631083b610d6acc5"
"md","verdict","bmm","bmm/1-analysis/bmad-prfaq/references/verdict.md","1a1cbc34090114d3a2b928456edec1563b73d84fea66c58e98780bf680f172ec"
"md","web-researcher","bmm","bmm/1-analysis/bmad-prfaq/agents/web-researcher.md","6e9127bb9bd3e4b15c701e4ced9eef328769262cd34eadc221bebe954c1f3aef"
"md","web-researcher","bmm","bmm/1-analysis/bmad-product-brief/agents/web-researcher.md","66aadb087f9bb3e7d05787c8f30237247ad3b90f241d342838e4ca95ed0d0260"
"md","write-document","bmm","bmm/1-analysis/bmad-agent-tech-writer/write-document.md","c0ddfd981f765b82cba0921dad331cd1fa32bacdeea1f02320edfd60a0ae7e6f"
"toml","customize","bmm","bmm/1-analysis/bmad-agent-analyst/customize.toml","7191f4a60ada7dbabe083699b2461f35778af7688924dc6ce05911cf1ffc9054"
"toml","customize","bmm","bmm/1-analysis/bmad-agent-tech-writer/customize.toml","bb828f2d26a136870099226f07c61297ce88ddd335823b7549592932bbe14a2e"
"toml","customize","bmm","bmm/1-analysis/bmad-document-project/customize.toml","3bbb5044fafdd865a5fe0863df116a479f30de7fb95c9cf4213f0b87ba1ba924"
"toml","customize","bmm","bmm/1-analysis/bmad-prfaq/customize.toml","8994f925bab65bd310e5ab38781286b6137f3e0c9e89f3ab8a2f480eb05e0de5"
"toml","customize","bmm","bmm/1-analysis/bmad-product-brief/customize.toml","0f10970bf0381458a6e3d2974958e5e52d7873beae61bf6c104303d37cff87f1"
"toml","customize","bmm","bmm/1-analysis/research/bmad-domain-research/customize.toml","462ef14dc1e1f6d145fdfe25e315168fd1fa278ea5f87fe0fa86689234daec2f"
"toml","customize","bmm","bmm/1-analysis/research/bmad-market-research/customize.toml","f47af9158893dd3f7ab81ac03cb07d8c76342eead61ec7c9a8a463066b7db9af"
"toml","customize","bmm","bmm/1-analysis/research/bmad-technical-research/customize.toml","7f567fddb04674f817398addbc06e6d1620883d89dcc7ac643c5a56eef5ac337"
"toml","customize","bmm","bmm/2-plan-workflows/bmad-agent-pm/customize.toml","c7c30e182fbff5e1cc4d329a99b0bf1188463d25d61b843847818c5bef0d4753"
"toml","customize","bmm","bmm/2-plan-workflows/bmad-agent-ux-designer/customize.toml","0d36c8ce31fe332770b2755a7e952dc102f184fb3275448bf6ac2ebc783ed03b"
"toml","customize","bmm","bmm/2-plan-workflows/bmad-create-prd/customize.toml","0c990af4c0a755402abbef893850bd542744a8b6f36c0587c9f3fb6dab6bf5e7"
"toml","customize","bmm","bmm/2-plan-workflows/bmad-create-ux-design/customize.toml","e51d02120e5e79788b183f1fb377f823f7626bac7702a6aa4dc6ddd0a3b00000"
"toml","customize","bmm","bmm/2-plan-workflows/bmad-edit-prd/customize.toml","35cc2dfb3eda73a0ae4dc987cac58867b25c43ce5c5a1bf552e215826ede6c22"
"toml","customize","bmm","bmm/2-plan-workflows/bmad-validate-prd/customize.toml","bfb3c8af5b81b2cdb9bb84f844f1b0dafc40d8c283effa6ad48db966b9446cef"
"toml","customize","bmm","bmm/3-solutioning/bmad-agent-architect/customize.toml","32e8074896a569ce59e4db62ab3b4af396798b8fa50c67449a5d90c2a7a7e074"
"toml","customize","bmm","bmm/3-solutioning/bmad-check-implementation-readiness/customize.toml","571d81087b7a6d914cf7c2f21aa26354eac385bb2f5cfeabc591892cbb98d036"
"toml","customize","bmm","bmm/3-solutioning/bmad-create-architecture/customize.toml","618be49b0286f18dfb4b6bac3d96bf1cf062994fa5278cd327be9898e651b43c"
"toml","customize","bmm","bmm/3-solutioning/bmad-create-epics-and-stories/customize.toml","da9e43605bc6aec83173050b5d37ede6aebfa9a17c5959a5029681d73e744ba3"
"toml","customize","bmm","bmm/3-solutioning/bmad-generate-project-context/customize.toml","00b6e893b93a1be7c04408f1824dad72c2c43ee02ba29210725e34394bf8225e"
"toml","customize","bmm","bmm/4-implementation/bmad-agent-dev/customize.toml","01a45ac2420f920cfc934de7b1a884b04017c85641085c93d9aada45d2dccf17"
"toml","customize","bmm","bmm/4-implementation/bmad-checkpoint-preview/customize.toml","1a1e0c3a8914adda3cec925eed51287e067c7f84120de64a8df53348e7b77de5"
"toml","customize","bmm","bmm/4-implementation/bmad-code-review/customize.toml","94ad662fdf3fda372c6e24b2cbda629d0b2aa851097d02afb5905c768b1a1cde"
"toml","customize","bmm","bmm/4-implementation/bmad-correct-course/customize.toml","78095d25afb5b2d4844956f61e9ac640a62d0245174fab9406e9c289f33fd84b"
"toml","customize","bmm","bmm/4-implementation/bmad-create-story/customize.toml","1204f6de064436922f2813069778eb4eaa5f1f945aa8ea5a5ffb87897a2ba8fe"
"toml","customize","bmm","bmm/4-implementation/bmad-dev-story/customize.toml","592fa7948c4614609a59b152518f518d35e0178d6aa7c22e169d78157fd9f5aa"
"toml","customize","bmm","bmm/4-implementation/bmad-qa-generate-e2e-tests/customize.toml","04a99926b2d79318b927434c7344dc666f143026ed99c7fcc0d6e3d68263ae66"
"toml","customize","bmm","bmm/4-implementation/bmad-quick-dev/customize.toml","5ba463713de51762eb381be787cbd657932333b808be370d851fc3e40f139e2f"
"toml","customize","bmm","bmm/4-implementation/bmad-retrospective/customize.toml","0b032c342129732820ca2db386d2d5e26d033d8ac296388fc9f2e78765fab9fb"
"toml","customize","bmm","bmm/4-implementation/bmad-sprint-planning/customize.toml","f7bde2f792e8604f26122ee792c5493e270710296044b07680db7d90e886caf3"
"toml","customize","bmm","bmm/4-implementation/bmad-sprint-status/customize.toml","96261fd227befaa4685b0a5091d3e85299d4ae8e4404176b42f5ef2e2fb501bd"
"yaml","config","bmm","bmm/config.yaml","eb5a8c882340f82fd7b4166e4859275d53c2b5e9f1116b3c221b8feda8a555f9"
"yaml","sprint-status-template","bmm","bmm/4-implementation/bmad-sprint-planning/sprint-status-template.yaml","deeec135d875b107618dd41278349689b5f3dcb5894d7509909417a570f46fd9"
"toml","config","config.toml","config.toml","0b61869c48b2cd2b518408355eab0149b1878bd230ff82b807af742d411cf1d3"
"toml","config.user","config.user.toml","config.user.toml","8b03e0eaa3e3e2abac1339239010b86f2ac2cc074c3bfeee8624495be2336e80"
"csv","brain-methods","core","core/bmad-brainstorming/brain-methods.csv","0ab5878b1dbc9e3fa98cb72abfc3920a586b9e2b42609211bb0516eefd542039"
"csv","methods","core","core/bmad-advanced-elicitation/methods.csv","e08b2e22fec700274982e37be608d6c3d1d4d0c04fa0bae05aa9dba2454e6141"
"csv","module-help","core","core/module-help.csv","d35985e6a4a5dc726d3f1f5d0d0fb94d9bd273688e3f6eebb1a1a9f21db846f0"
"md","compression-rules","core","core/bmad-distillator/resources/compression-rules.md","86e53d6a2072b379864766681d1cc4e1aad3d4428ecca8c46010f7364da32724"
"md","distillate-compressor","core","core/bmad-distillator/agents/distillate-compressor.md","c00da33b39a43207a224c4043d1aa4158e90e41ab421fff0ea7cc55beec81ef8"
"md","distillate-format-reference","core","core/bmad-distillator/resources/distillate-format-reference.md","616488300d40c6de2f0a69ee153258ed4664e9763048f3993db8efd2adca1706"
"md","round-trip-reconstructor","core","core/bmad-distillator/agents/round-trip-reconstructor.md","47c83f4a37249ddac38460d8c95d162f6fc175a8919888e8090aed71bd9383bc"
"md","SKILL","core","core/bmad-advanced-elicitation/SKILL.md","705cc827cab892855d07dcc926f5c9f749c3abab33e915d6ac1574aec174896b"
"md","SKILL","core","core/bmad-brainstorming/SKILL.md","f4a2c22b40ed34cdbd3282dd6161a3b869902f3bc75b58e181fc9faf78eedd9d"
"md","SKILL","core","core/bmad-customize/SKILL.md","7617ef46b179e2b9aec7e7176933fd65dcba8fd0ca188ea8beb8cee1dedf449c"
"md","SKILL","core","core/bmad-distillator/SKILL.md","756ee0706ff6b8a3d5726b465e81ba244e4eaeba21b7de0d2390473acebb5ddc"
"md","SKILL","core","core/bmad-editorial-review-prose/SKILL.md","b3687fe80567378627bc2a0c5034ae8d65dfeedcf2b6c90da077f4feca462d0c"
"md","SKILL","core","core/bmad-editorial-review-structure/SKILL.md","164444359d74f695a84faf7ea558d0eef39c75561e6b26669f97a165c6f75538"
"md","SKILL","core","core/bmad-help/SKILL.md","cd7096b2ff55b2b87e12d6b9c4c9ea13dfca78c49299a09327c97107f9531da8"
"md","SKILL","core","core/bmad-index-docs/SKILL.md","a855d7060414e73ca4fe8e1a3e1cc4d0f2ce394846e52340bdf5a1317e0d234a"
"md","SKILL","core","core/bmad-party-mode/SKILL.md","bd13fd6cb0b0c61d215e4c394cf4b7cac3a465394c3918f4dc14910513ddb898"
"md","SKILL","core","core/bmad-review-adversarial-general/SKILL.md","7bffc39e6dba4d9123648c5d4d79e17c3c5b1efbd927c3fe0026c2dbb8d99cff"
"md","SKILL","core","core/bmad-review-edge-case-hunter/SKILL.md","f49ed9976f46b4cefa1fc8b4f0a495f16089905e6a7bbf4ce73b8f05c9ae3ee6"
"md","SKILL","core","core/bmad-shard-doc/SKILL.md","3a1538536514725fd4f31aded280ee56b9645fc61d114fd94aacb3ac52304e52"
"md","splitting-strategy","core","core/bmad-distillator/resources/splitting-strategy.md","26d3ed05f912cf99ff9ebe2353f2d84d70e3e852e23a32b1215c13416ad708b5"
"md","step-01-session-setup","core","core/bmad-brainstorming/steps/step-01-session-setup.md","7fd2aed9527ccdf35fc86bd4c9b27b4a530b5cfdfb90ae2b7385d3185bcd60bc"
"md","step-01b-continue","core","core/bmad-brainstorming/steps/step-01b-continue.md","49f8d78290291f974432bc8e8fce340de58ed62aa946e9e3182858bf63829920"
"md","step-02a-user-selected","core","core/bmad-brainstorming/steps/step-02a-user-selected.md","7ff3bca27286d17902ecea890494599796633e24a25ea6b31bbd6c3d2e54eba2"
"md","step-02b-ai-recommended","core","core/bmad-brainstorming/steps/step-02b-ai-recommended.md","cb77b810e0c98e080b4378999f0e250bacba4fb74c1bcb0a144cffe9989d2cbd"
"md","step-02c-random-selection","core","core/bmad-brainstorming/steps/step-02c-random-selection.md","91c6e16213911a231a41b1a55be7c939e7bbcd1463bd49cb03b5b669a90c0868"
"md","step-02d-progressive-flow","core","core/bmad-brainstorming/steps/step-02d-progressive-flow.md","6b6fbbd34bcf334d79f09e8c36ed3c9d55ddd3ebb8f8f77aa892643d1a4e3436"
"md","step-03-technique-execution","core","core/bmad-brainstorming/steps/step-03-technique-execution.md","b97afefd4ccc5234e554a3dfc5555337269ce171e730b250c756718235e9df60"
"md","step-04-idea-organization","core","core/bmad-brainstorming/steps/step-04-idea-organization.md","acb7eb6a54161213bb916cabf7d0d5084316704e792a880968fc340855cdcbbb"
"md","template","core","core/bmad-brainstorming/template.md","5c99d76963eb5fc21db96c5a68f39711dca7c6ed30e4f7d22aedee9e8bb964f9"
"md","workflow","core","core/bmad-brainstorming/workflow.md","74c87846a5cda7a4534ea592ea3125a8d8a1a88d19c94f5f4481fb28d0d16bf2"
"py","analyze_sources","core","core/bmad-distillator/scripts/analyze_sources.py","31e2a8441c3c43c2536739c580cdef6abecb18ff20e7447f42dd868875783166"
"py","list_customizable_skills","core","core/bmad-customize/scripts/list_customizable_skills.py","8787f542930b927789e7fdf12bc5a67ff08e19865903a5ad05ff2cc8fc426b66"
"py","test_analyze_sources","core","core/bmad-distillator/scripts/tests/test_analyze_sources.py","d90525311f8010aaf8d7d9212a370468a697866190bae78c35d0aae9b7f23fdf"
"py","test_list_customizable_skills","core","core/bmad-customize/scripts/tests/test_list_customizable_skills.py","b55fc2e454f245753874f359c18ade9f3ad04debd66176c6e6bf3e403ca9c812"
"yaml","config","core","core/config.yaml","fa8329a0d113da58c53d2379b436fa7fd04cae76aae41f0a61d3f8d46ac54684"
"file",".gitignore","custom","custom/.gitignore","973b03a33f142c22cf9b65be285bebadd85790b6b55be04637d2f8c716f58fab"
"py","resolve_config","scripts","scripts/resolve_config.py","8e326149d9170477ecc21aa2aa2389d8fbaa5d1cd95db2de2ad33029ce8ae528"
"py","resolve_customization","scripts","scripts/resolve_customization.py","6dbf36a2fea13392426fdbaf4f074b6d9b93488a964d2d1bff2a5c1c3a1d506e"
